pocket,compound_ids,source_databases,desalted_smiles,ligand_name,conformation_id,conformation_mode,conformation_direction,old_best_docking_score_kcal_mol,ensemble_vina_score_kcal_mol,out_pdbqt,log_path,returncode
BP1,251157;ZINC000103969950,ZINC15;numeric library ID,Cc1c(O)c2ccc3ccccc3c2oc1=O,BP1_251157,conf00_base,base,0,-7.396,-7.234,work/ensemble_docking/conf00_base/BP1/BP1_251157_vina_out.pdbqt,work/ensemble_docking/conf00_base/BP1/BP1_251157_vina.log,0
BP1,CHEMBL1929523,ChEMBL23,O=c1ccc2c(ccc3oc4ccccc4c32)o1,BP1_CHEMBL1929523,conf00_base,base,0,-7.388,-7.36,work/ensemble_docking/conf00_base/BP1/BP1_CHEMBL1929523_vina_out.pdbqt,work/ensemble_docking/conf00_base/BP1/BP1_CHEMBL1929523_vina.log,0
BP1,CHEMBL3306562,ChEMBL23,N#Cc1c(O)c2cc3ccccc3cc2oc1=O,BP1_CHEMBL3306562,conf00_base,base,0,-7.338,-6.87,work/ensemble_docking/conf00_base/BP1/BP1_CHEMBL3306562_vina_out.pdbqt,work/ensemble_docking/conf00_base/BP1/BP1_CHEMBL3306562_vina.log,0
BP1,DB03623,DrugBank,Oc1ccc(-c2cnc3ccc4ccncc4c3c2)cc1,BP1_DB03623,conf00_base,base,0,-7.328,-7.516,work/ensemble_docking/conf00_base/BP1/BP1_DB03623_vina_out.pdbqt,work/ensemble_docking/conf00_base/BP1/BP1_DB03623_vina.log,0
BP1,MolPort-002-367-171,MolPort,Cc1c(C)c2ccc(O)cc2oc1=O,BP1_MolPort-002-367-171,conf00_base,base,0,-7.327,-6.822,work/ensemble_docking/conf00_base/BP1/BP1_MolPort-002-367-171_vina_out.pdbqt,work/ensemble_docking/conf00_base/BP1/BP1_MolPort-002-367-171_vina.log,0
BP1,CHEMBL329500,ChEMBL23,O=c1cc(-c2ccccc2)oc2c1ccc1ccc(O)cc12,BP1_CHEMBL329500,conf00_base,base,0,-7.27,-7.662,work/ensemble_docking/conf00_base/BP1/BP1_CHEMBL329500_vina_out.pdbqt,work/ensemble_docking/conf00_base/BP1/BP1_CHEMBL329500_vina.log,0
BP1,PEY,PDB ligand,c1ccc2c(c1)ccc1ccccc12,BP1_PEY,conf00_base,base,0,-7.242,-7.367,work/ensemble_docking/conf00_base/BP1/BP1_PEY_vina_out.pdbqt,work/ensemble_docking/conf00_base/BP1/BP1_PEY_vina.log,0
BP1,HMDB34138,HMDB,O=c1oc2cc(O)ccc2c2oc3cc(O)cc(O)c3c12,BP1_HMDB34138,conf00_base,base,0,-7.241,-7.207,work/ensemble_docking/conf00_base/BP1/BP1_HMDB34138_vina_out.pdbqt,work/ensemble_docking/conf00_base/BP1/BP1_HMDB34138_vina.log,0
BP1,19824,numeric library ID,CC1(C)c2ccccc2-c2nc3ccccc3cc2C1O,BP1_19824,conf00_base,base,0,-7.229,-7.621,work/ensemble_docking/conf00_base/BP1/BP1_19824_vina_out.pdbqt,work/ensemble_docking/conf00_base/BP1/BP1_19824_vina.log,0
BP1,CHEMBL3409185,ChEMBL23,Oc1cc(-c2cc3ccccc3o2)c(Br)c(O)c1O,BP1_CHEMBL3409185,conf00_base,base,0,-7.206,-6.929,work/ensemble_docking/conf00_base/BP1/BP1_CHEMBL3409185_vina_out.pdbqt,work/ensemble_docking/conf00_base/BP1/BP1_CHEMBL3409185_vina.log,0
BP1,HMDB32713,HMDB,Oc1ccc(-c2cc(O)cc(O)c2)cc1,BP1_HMDB32713,conf00_base,base,0,-7.148,-6.727,work/ensemble_docking/conf00_base/BP1/BP1_HMDB32713_vina_out.pdbqt,work/ensemble_docking/conf00_base/BP1/BP1_HMDB32713_vina.log,0
BP1,HMDB59798,HMDB,Oc1ccc2c(ccc3ccccc32)c1,BP1_HMDB59798,conf00_base,base,0,-7.118,-7.41,work/ensemble_docking/conf00_base/BP1/BP1_HMDB59798_vina_out.pdbqt,work/ensemble_docking/conf00_base/BP1/BP1_HMDB59798_vina.log,0
BP1,DB04641,DrugBank,O=C(O)c1cc2cc(O)ccc2cc1O,BP1_DB04641,conf00_base,base,0,-7.11,-7.056,work/ensemble_docking/conf00_base/BP1/BP1_DB04641_vina_out.pdbqt,work/ensemble_docking/conf00_base/BP1/BP1_DB04641_vina.log,0
BP1,10510606;MolPort-006-318-916;ZINC000006117594,MolPort;ZINC15;numeric library ID,O=c1c2ccccc2oc2cc(O)cc(O)c12,BP1_10510606,conf00_base,base,0,-7.092,-6.918,work/ensemble_docking/conf00_base/BP1/BP1_10510606_vina_out.pdbqt,work/ensemble_docking/conf00_base/BP1/BP1_10510606_vina.log,0
BP1,SCHEMBL15388250,SureChEMBL,Cc1ccc2c(=O)oc3cc(O)ccc3c2c1,BP1_SCHEMBL15388250,conf00_base,base,0,-7.072,-7.273,work/ensemble_docking/conf00_base/BP1/BP1_SCHEMBL15388250_vina_out.pdbqt,work/ensemble_docking/conf00_base/BP1/BP1_SCHEMBL15388250_vina.log,0
BP1,LSM-3723,LINCS,O=C1c2ccccc2-c2cccc3cccc1c23,BP1_LSM-3723,conf00_base,base,0,-7.064,-7.331,work/ensemble_docking/conf00_base/BP1/BP1_LSM-3723_vina_out.pdbqt,work/ensemble_docking/conf00_base/BP1/BP1_LSM-3723_vina.log,0
BP1,402797;MolPort-000-744-145;ZINC000000058126,MolPort;ZINC15;numeric library ID,Cc1cc(=O)oc2cc(O)cc(O)c12,BP1_402797,conf00_base,base,0,-7.062,-6.581,work/ensemble_docking/conf00_base/BP1/BP1_402797_vina_out.pdbqt,work/ensemble_docking/conf00_base/BP1/BP1_402797_vina.log,0
BP1,HMDB59801,HMDB,Oc1cc2ccccc2c2ccccc12,BP1_HMDB59801,conf00_base,base,0,-7.051,-7.141,work/ensemble_docking/conf00_base/BP1/BP1_HMDB59801_vina_out.pdbqt,work/ensemble_docking/conf00_base/BP1/BP1_HMDB59801_vina.log,0
BP1,151252,numeric library ID,O=C(O)c1cc2ccccc2c2cc(Br)ccc12,BP1_151252,conf00_base,base,0,-7.043,-7.706,work/ensemble_docking/conf00_base/BP1/BP1_151252_vina_out.pdbqt,work/ensemble_docking/conf00_base/BP1/BP1_151252_vina.log,0
BP1,CHEMBL271516;MolPort-000-422-134,ChEMBL23;MolPort,O=c1cc(CCl)c2ccc(O)cc2o1,BP1_CHEMBL271516,conf00_base,base,0,-7.036,-6.564,work/ensemble_docking/conf00_base/BP1/BP1_CHEMBL271516_vina_out.pdbqt,work/ensemble_docking/conf00_base/BP1/BP1_CHEMBL271516_vina.log,0
BP1,LSM-25905,LINCS,Cc1cc(O)nc2cc(O)ccc12,BP1_LSM-25905,conf00_base,base,0,-7.024,-6.371,work/ensemble_docking/conf00_base/BP1/BP1_LSM-25905_vina_out.pdbqt,work/ensemble_docking/conf00_base/BP1/BP1_LSM-25905_vina.log,0
BP1,54870284,numeric library ID,COc1ccc2c(=O)oc3cc(O)ccc3c2c1,BP1_54870284,conf00_base,base,0,-6.991,-6.963,work/ensemble_docking/conf00_base/BP1/BP1_54870284_vina_out.pdbqt,work/ensemble_docking/conf00_base/BP1/BP1_54870284_vina.log,0
BP1,LSM-32647,LINCS,CN(C)C(=O)c1c(-c2ccccc2)oc2ccc(O)cc12,BP1_LSM-32647,conf00_base,base,0,-6.988,-6.588,work/ensemble_docking/conf00_base/BP1/BP1_LSM-32647_vina_out.pdbqt,work/ensemble_docking/conf00_base/BP1/BP1_LSM-32647_vina.log,0
BP1,LSM-33579,LINCS,O=C(NC1CCCC1)c1cc2c(ccc3ccccc32)o1,BP1_LSM-33579,conf00_base,base,0,-6.986,-7.24,work/ensemble_docking/conf00_base/BP1/BP1_LSM-33579_vina_out.pdbqt,work/ensemble_docking/conf00_base/BP1/BP1_LSM-33579_vina.log,0
BP1,53845739;SCHEMBL13315779;ZINC000200389531,SureChEMBL;ZINC15;numeric library ID,C#Cc1cc(=O)oc2ccccc12,BP1_53845739,conf00_base,base,0,-6.98,-6.395,work/ensemble_docking/conf00_base/BP1/BP1_53845739_vina_out.pdbqt,work/ensemble_docking/conf00_base/BP1/BP1_53845739_vina.log,0
BP1,1401;4MU;529222;760397;DB07118;HMDB59622;LSM-3025,DrugBank;HMDB;LINCS;PDB ligand;numeric library ID,Cc1cc(=O)oc2cc(O)ccc12,BP1_1401,conf00_base,base,0,-6.967,-6.729,work/ensemble_docking/conf00_base/BP1/BP1_1401_vina_out.pdbqt,work/ensemble_docking/conf00_base/BP1/BP1_1401_vina.log,0
BP1,4417258,numeric library ID,Cc1ccc(C(c2c(O)c3ccccc3oc2=O)c2c(O)c3ccccc3oc2=O)cc1,BP1_4417258,conf00_base,base,0,-6.954,-7.376,work/ensemble_docking/conf00_base/BP1/BP1_4417258_vina_out.pdbqt,work/ensemble_docking/conf00_base/BP1/BP1_4417258_vina.log,0
BP1,62129,numeric library ID,Oc1ccc2c(ccc3nc[nH]c32)c1,BP1_62129,conf00_base,base,0,-6.945,-7.105,work/ensemble_docking/conf00_base/BP1/BP1_62129_vina_out.pdbqt,work/ensemble_docking/conf00_base/BP1/BP1_62129_vina.log,0
BP1,MolPort-000-499-561,MolPort,O=C(O)c1cc(=O)c2ccccc2o1,BP1_MolPort-000-499-561,conf00_base,base,0,-6.931,-6.698,work/ensemble_docking/conf00_base/BP1/BP1_MolPort-000-499-561_vina_out.pdbqt,work/ensemble_docking/conf00_base/BP1/BP1_MolPort-000-499-561_vina.log,0
BP1,DB00776,DrugBank,NC(=O)N1c2ccccc2CC(=O)c2ccccc21,BP1_DB00776,conf00_base,base,0,-6.883,-7.653,work/ensemble_docking/conf00_base/BP1/BP1_DB00776_vina_out.pdbqt,work/ensemble_docking/conf00_base/BP1/BP1_DB00776_vina.log,0
BP1,29698120;SCHEMBL2761833;ZINC000044672070,SureChEMBL;ZINC15;numeric library ID,O=c1cc(O)c2ccc(F)cc2o1,BP1_29698120,conf00_base,base,0,-6.856,-6.522,work/ensemble_docking/conf00_base/BP1/BP1_29698120_vina_out.pdbqt,work/ensemble_docking/conf00_base/BP1/BP1_29698120_vina.log,0
BP1,CHEMBL32810;MolPort-002-043-397;SCHEMBL11848480,ChEMBL23;MolPort;SureChEMBL,O=c1cc(O)c2ccc(O)cc2o1,BP1_CHEMBL32810,conf00_base,base,0,-6.759,-6.341,work/ensemble_docking/conf00_base/BP1/BP1_CHEMBL32810_vina_out.pdbqt,work/ensemble_docking/conf00_base/BP1/BP1_CHEMBL32810_vina.log,0
BP1,5426,numeric library ID,Cc1c2cc(O)c(=O)cc-2oc2cc(O)c(O)cc12,BP1_5426,conf00_base,base,0,-6.757,-6.827,work/ensemble_docking/conf00_base/BP1/BP1_5426_vina_out.pdbqt,work/ensemble_docking/conf00_base/BP1/BP1_5426_vina.log,0
BP1,DB00170,DrugBank,CC1=CC(=O)c2ccccc2C1=O,BP1_DB00170,conf00_base,base,0,-6.575,-6.32,work/ensemble_docking/conf00_base/BP1/BP1_DB00170_vina_out.pdbqt,work/ensemble_docking/conf00_base/BP1/BP1_DB00170_vina.log,0
BP1,SCHEMBL9642273,SureChEMBL,O=c1[cH-]c(=O)c2ccccc2o1,BP1_SCHEMBL9642273,conf00_base,base,0,-6.514,-6.118,work/ensemble_docking/conf00_base/BP1/BP1_SCHEMBL9642273_vina_out.pdbqt,work/ensemble_docking/conf00_base/BP1/BP1_SCHEMBL9642273_vina.log,0
BP1,DB04840,DrugBank,N=C(N)N1CCc2ccccc2C1,BP1_DB04840,conf00_base,base,0,-6.513,-6.382,work/ensemble_docking/conf00_base/BP1/BP1_DB04840_vina_out.pdbqt,work/ensemble_docking/conf00_base/BP1/BP1_DB04840_vina.log,0
BP1,DB00972,DrugBank,CN1CCCC(n2nc(Cc3ccc(Cl)cc3)c3ccccc3c2=O)CC1,BP1_DB00972,conf00_base,base,0,-6.318,-7.07,work/ensemble_docking/conf00_base/BP1/BP1_DB00972_vina_out.pdbqt,work/ensemble_docking/conf00_base/BP1/BP1_DB00972_vina.log,0
BP2,746361,numeric library ID,Oc1cc(-c2nc3ccccc3o2)c(O)cc1-c1nc2ccccc2o1,BP2_746361,conf00_base,base,0,-9.116,-9.079,work/ensemble_docking/conf00_base/BP2/BP2_746361_vina_out.pdbqt,work/ensemble_docking/conf00_base/BP2/BP2_746361_vina.log,0
BP2,3543,numeric library ID,Cc1ccccc1N=Nc1ccc(N=Nc2c(O)ccc3ccccc23)c(C)c1,BP2_3543,conf00_base,base,0,-9.093,-8.45,work/ensemble_docking/conf00_base/BP2/BP2_3543_vina_out.pdbqt,work/ensemble_docking/conf00_base/BP2/BP2_3543_vina.log,0
BP2,118810,numeric library ID,Cc1cc(=O)oc2cc(O)cc(OCc3ccccc3)c12,BP2_118810,conf00_base,base,0,-8.495,-8.902,work/ensemble_docking/conf00_base/BP2/BP2_118810_vina_out.pdbqt,work/ensemble_docking/conf00_base/BP2/BP2_118810_vina.log,0
BP2,50651,numeric library ID,O=C(Nc1ccc(Cl)cc1)c1cc2c(cc1O)[nH]c1ccccc12,BP2_50651,conf00_base,base,0,-8.307,-8.738,work/ensemble_docking/conf00_base/BP2/BP2_50651_vina_out.pdbqt,work/ensemble_docking/conf00_base/BP2/BP2_50651_vina.log,0
BP2,MolPort-002-321-924,MolPort,O=C(NNC(=O)c1c(O)c2ccccc2oc1=O)c1c(O)c2ccccc2oc1=O,BP2_MolPort-002-321-924,conf00_base,base,0,-8.303,-8.935,work/ensemble_docking/conf00_base/BP2/BP2_MolPort-002-321-924_vina_out.pdbqt,work/ensemble_docking/conf00_base/BP2/BP2_MolPort-002-321-924_vina.log,0
BP2,686393;CHEMBL392451,ChEMBL23;numeric library ID,O=c1oc2ccccc2c(O)c1C(c1cccc(C(c2c(O)c3ccccc3oc2=O)c2c(O)c3ccccc3oc2=O)c1)c1c(O)c2ccccc2oc1=O,BP2_686393,conf00_base,base,0,-8.211,-10.46,work/ensemble_docking/conf00_base/BP2/BP2_686393_vina_out.pdbqt,work/ensemble_docking/conf00_base/BP2/BP2_686393_vina.log,0
BP2,CHEMBL1364708;MolPort-003-378-434,ChEMBL23;MolPort,O=c1cc(-c2cc3ccccc3o2)c2cc(O)ccc2o1,BP2_CHEMBL1364708,conf00_base,base,0,-8.175,-8.143,work/ensemble_docking/conf00_base/BP2/BP2_CHEMBL1364708_vina_out.pdbqt,work/ensemble_docking/conf00_base/BP2/BP2_CHEMBL1364708_vina.log,0
BP2,4368550;CHEMBL1801014;ZINC000000057885,ChEMBL23;ZINC15;numeric library ID,O=c1cc(-c2cccc(O)c2)oc2c1ccc1ccccc12,BP2_4368550,conf00_base,base,0,-8.141,-8.96,work/ensemble_docking/conf00_base/BP2/BP2_4368550_vina_out.pdbqt,work/ensemble_docking/conf00_base/BP2/BP2_4368550_vina.log,0
BP2,7524,numeric library ID,COc1ccc(C(=O)O[C@H]2CC[C@@]3(C)[C@@H]4CC[C@H]5[C@]6(O)C[C@H](O)[C@@]7(O)[C@@H](CN8C[C@@H](C)CC[C@H]8[C@@]7(C)O)[C@]6(O)C[C@@]53O[C@@]24O)cc1OC,BP2_7524,conf00_base,base,0,-8.124,-8.864,work/ensemble_docking/conf00_base/BP2/BP2_7524_vina_out.pdbqt,work/ensemble_docking/conf00_base/BP2/BP2_7524_vina.log,0
BP2,656562,numeric library ID,O=c1oc2cc3ccccc3cc2c2c1ccc1ccccc12,BP2_656562,conf00_base,base,0,-8.08,-8.756,work/ensemble_docking/conf00_base/BP2/BP2_656562_vina_out.pdbqt,work/ensemble_docking/conf00_base/BP2/BP2_656562_vina.log,0
BP2,DB06595,DrugBank,CO[C@@H]1[C@H](N(C)C(=O)c2ccccc2)C[C@H]2O[C@]1(C)n1c3ccccc3c3c4c(c5c6ccccc6n2c5c31)C(=O)NC4,BP2_DB06595,conf00_base,base,0,-7.953,-9.53,work/ensemble_docking/conf00_base/BP2/BP2_DB06595_vina_out.pdbqt,work/ensemble_docking/conf00_base/BP2/BP2_DB06595_vina.log,0
BP2,HMDB30796;LSM-36988;MRI,HMDB;LINCS;PDB ligand,O=c1c(O)c(-c2ccc(O)cc2O)oc2cc(O)cc(O)c12,BP2_HMDB30796,conf00_base,base,0,-7.943,-7.621,work/ensemble_docking/conf00_base/BP2/BP2_HMDB30796_vina_out.pdbqt,work/ensemble_docking/conf00_base/BP2/BP2_HMDB30796_vina.log,0
BP2,71881,numeric library ID,O=C(Nc1ccc2ncccc2c1)Nc1ccc2ncccc2c1,BP2_71881,conf00_base,base,0,-7.856,-8.899,work/ensemble_docking/conf00_base/BP2/BP2_71881_vina_out.pdbqt,work/ensemble_docking/conf00_base/BP2/BP2_71881_vina.log,0
BP2,338;DB07009,DrugBank;PDB ligand,Oc1ccc2nc(-c3cccc4c(O)cccc34)oc2c1,BP2_338,conf00_base,base,0,-7.843,-8.258,work/ensemble_docking/conf00_base/BP2/BP2_338_vina_out.pdbqt,work/ensemble_docking/conf00_base/BP2/BP2_338_vina.log,0
BP2,HMDB30821,HMDB,O=c1ccc2cc(O)c(OC3OC(CO)C(O)C(O)C3O)cc2o1,BP2_HMDB30821,conf00_base,base,0,-7.718,-8.339,work/ensemble_docking/conf00_base/BP2/BP2_HMDB30821_vina_out.pdbqt,work/ensemble_docking/conf00_base/BP2/BP2_HMDB30821_vina.log,0
BP2,13974,numeric library ID,Nc1ccc(N=Nc2ccccc2)c2ccccc12,BP2_13974,conf00_base,base,0,-7.699,-7.916,work/ensemble_docking/conf00_base/BP2/BP2_13974_vina_out.pdbqt,work/ensemble_docking/conf00_base/BP2/BP2_13974_vina.log,0
BP2,HMDB38956,HMDB,O=c1oc(C=CC=Cc2ccc(O)cc2)nc2ccccc12,BP2_HMDB38956,conf00_base,base,0,-7.636,-8.5,work/ensemble_docking/conf00_base/BP2/BP2_HMDB38956_vina_out.pdbqt,work/ensemble_docking/conf00_base/BP2/BP2_HMDB38956_vina.log,0
BP2,96541,numeric library ID,N#CC1C=Cc2c(ccc3ccccc23)N1C(=O)c1ccccc1,BP2_96541,conf00_base,base,0,-7.635,-7.998,work/ensemble_docking/conf00_base/BP2/BP2_96541_vina_out.pdbqt,work/ensemble_docking/conf00_base/BP2/BP2_96541_vina.log,0
BP2,85Z,PDB ligand,Cc1cc(F)ccc1-c1c(Cc2ccc(/C=C/C(=O)O)cc2)c2ccc(O)cc2oc1=O,BP2_85Z,conf00_base,base,0,-7.594,-9.767,work/ensemble_docking/conf00_base/BP2/BP2_85Z_vina_out.pdbqt,work/ensemble_docking/conf00_base/BP2/BP2_85Z_vina.log,0
BP2,CHEMBL2262363,ChEMBL23,O=c1oc2ccccc2c(O)c1-c1cccc(-c2c(O)c3ccccc3oc2=O)c1,BP2_CHEMBL2262363,conf00_base,base,0,-7.581,-8.86,work/ensemble_docking/conf00_base/BP2/BP2_CHEMBL2262363_vina_out.pdbqt,work/ensemble_docking/conf00_base/BP2/BP2_CHEMBL2262363_vina.log,0
BP2,DB07236,DrugBank,Oc1ccc2cc(-c3noc4cc(O)ccc34)ccc2c1,BP2_DB07236,conf00_base,base,0,-7.533,-8.051,work/ensemble_docking/conf00_base/BP2/BP2_DB07236_vina_out.pdbqt,work/ensemble_docking/conf00_base/BP2/BP2_DB07236_vina.log,0
BP2,LSM-27001,LINCS,O=c1oc2cc(OCc3ccc([N+](=O)[O-])cc3)ccc2c2c1CCCC2,BP2_LSM-27001,conf00_base,base,0,-7.532,-8.834,work/ensemble_docking/conf00_base/BP2/BP2_LSM-27001_vina_out.pdbqt,work/ensemble_docking/conf00_base/BP2/BP2_LSM-27001_vina.log,0
BP2,317,PDB ligand,CCc1oc2ccccc2c1C(=O)c1ccc(O)cc1,BP2_317,conf00_base,base,0,-7.497,-7.713,work/ensemble_docking/conf00_base/BP2/BP2_317_vina_out.pdbqt,work/ensemble_docking/conf00_base/BP2/BP2_317_vina.log,0
BP2,HMDB29534,HMDB,CC(=O)c1c(O)ccc2c(=O)c(-c3ccccc3)c(C)oc12,BP2_HMDB29534,conf00_base,base,0,-7.487,-7.424,work/ensemble_docking/conf00_base/BP2/BP2_HMDB29534_vina_out.pdbqt,work/ensemble_docking/conf00_base/BP2/BP2_HMDB29534_vina.log,0
BP2,DB08820,DrugBank,CC(C)(C)c1cc(C(C)(C)C)c(NC(=O)c2c[nH]c3ccccc3c2=O)cc1O,BP2_DB08820,conf00_base,base,0,-7.456,-8.813,work/ensemble_docking/conf00_base/BP2/BP2_DB08820_vina_out.pdbqt,work/ensemble_docking/conf00_base/BP2/BP2_DB08820_vina.log,0
BP2,DB04750,DrugBank,O=C(O)c1ccc(-c2c3cc(F)c(=O)cc-3oc3cc(O)c(F)cc23)c(C(=O)O)c1,BP2_DB04750,conf00_base,base,0,-7.429,-8.796,work/ensemble_docking/conf00_base/BP2/BP2_DB04750_vina_out.pdbqt,work/ensemble_docking/conf00_base/BP2/BP2_DB04750_vina.log,0
BP2,1842204;MolPort-002-113-300;ZINC000000296657,MolPort;ZINC15;numeric library ID,O=C(Oc1cc(=O)oc2ccccc12)c1ccccc1,BP2_1842204,conf00_base,base,0,-7.367,-7.853,work/ensemble_docking/conf00_base/BP2/BP2_1842204_vina_out.pdbqt,work/ensemble_docking/conf00_base/BP2/BP2_1842204_vina.log,0
BP2,DB01852;LSM-5304,DrugBank;LINCS,O=c1c(O)c(-c2ccc(O)cc2)oc2cc(O)cc(O)c12,BP2_DB01852,conf00_base,base,0,-7.312,-7.875,work/ensemble_docking/conf00_base/BP2/BP2_DB01852_vina_out.pdbqt,work/ensemble_docking/conf00_base/BP2/BP2_DB01852_vina.log,0
BP2,HMDB29219,HMDB,O=c1oc2c(O)c(O)ccc2c2cc(O)c(O)cc12,BP2_HMDB29219,conf00_base,base,0,-7.247,-7.649,work/ensemble_docking/conf00_base/BP2/BP2_HMDB29219_vina_out.pdbqt,work/ensemble_docking/conf00_base/BP2/BP2_HMDB29219_vina.log,0
BP2,SCHEMBL11830680,SureChEMBL,O=c1cc(O)c2cc(Cc3ccccc3)ccc2o1,BP2_SCHEMBL11830680,conf00_base,base,0,-7.191,-7.857,work/ensemble_docking/conf00_base/BP2/BP2_SCHEMBL11830680_vina_out.pdbqt,work/ensemble_docking/conf00_base/BP2/BP2_SCHEMBL11830680_vina.log,0
BP2,17055,numeric library ID,CC(=O)Oc1ccc2cc(-c3ccccc3)c(=O)oc2c1,BP2_17055,conf00_base,base,0,-7.183,-7.854,work/ensemble_docking/conf00_base/BP2/BP2_17055_vina_out.pdbqt,work/ensemble_docking/conf00_base/BP2/BP2_17055_vina.log,0
BP2,CHEMBL374372,ChEMBL23,O=c1cc(/C=C/c2ccc(O)c(O)c2)oc2ccccc12,BP2_CHEMBL374372,conf00_base,base,0,-7.174,-8.578,work/ensemble_docking/conf00_base/BP2/BP2_CHEMBL374372_vina_out.pdbqt,work/ensemble_docking/conf00_base/BP2/BP2_CHEMBL374372_vina.log,0
BP2,LSM-36455,LINCS,O=c1oc2c(O)c(O)cc3c(=O)oc4c(O)c(O)cc1c4c23,BP2_LSM-36455,conf00_base,base,0,-7.102,-8.425,work/ensemble_docking/conf00_base/BP2/BP2_LSM-36455_vina_out.pdbqt,work/ensemble_docking/conf00_base/BP2/BP2_LSM-36455_vina.log,0
BP2,2357873;MolPort-002-153-633;ZINC000002897678,MolPort;ZINC15;numeric library ID,O=c1cc(O)c2c(=O)oc3ccccc3c2o1,BP2_2357873,conf00_base,base,0,-7.02,-7.512,work/ensemble_docking/conf00_base/BP2/BP2_2357873_vina_out.pdbqt,work/ensemble_docking/conf00_base/BP2/BP2_2357873_vina.log,0
BP2,2035856,numeric library ID,O=c1cc(Oc2cc(=O)oc3ccccc23)c2ccccc2o1,BP2_2035856,conf00_base,base,0,-7.005,-8.263,work/ensemble_docking/conf00_base/BP2/BP2_2035856_vina_out.pdbqt,work/ensemble_docking/conf00_base/BP2/BP2_2035856_vina.log,0
BP2,CHEMBL3094027,ChEMBL23,O=c1cc(O)c2ccc(OCc3cccc(F)c3)cc2o1,BP2_CHEMBL3094027,conf00_base,base,0,-6.968,-7.763,work/ensemble_docking/conf00_base/BP2/BP2_CHEMBL3094027_vina_out.pdbqt,work/ensemble_docking/conf00_base/BP2/BP2_CHEMBL3094027_vina.log,0
BP2,2608,numeric library ID,O=c1cc2oc3cc(O)c(O)cc3c(-c3ccccc3)c-2cc1O,BP2_2608,conf00_base,base,0,-6.961,-7.791,work/ensemble_docking/conf00_base/BP2/BP2_2608_vina_out.pdbqt,work/ensemble_docking/conf00_base/BP2/BP2_2608_vina.log,0
BP2,HMDB29518,HMDB,CC(=O)c1ccc2oc(=O)cc(C)c2c1O,BP2_HMDB29518,conf00_base,base,0,-6.957,-7.127,work/ensemble_docking/conf00_base/BP2/BP2_HMDB29518_vina_out.pdbqt,work/ensemble_docking/conf00_base/BP2/BP2_HMDB29518_vina.log,0
BP2,1477,numeric library ID,CC(C)Oc1ccc2c(=O)c(-c3ccccc3)coc2c1,BP2_1477,conf00_base,base,0,-6.953,-8.027,work/ensemble_docking/conf00_base/BP2/BP2_1477_vina_out.pdbqt,work/ensemble_docking/conf00_base/BP2/BP2_1477_vina.log,0
BP2,LSM-17202,LINCS,O=c1cc(CN2CCOCC2)c2cc(Cl)c(O)cc2o1,BP2_LSM-17202,conf00_base,base,0,-6.917,-7.148,work/ensemble_docking/conf00_base/BP2/BP2_LSM-17202_vina_out.pdbqt,work/ensemble_docking/conf00_base/BP2/BP2_LSM-17202_vina.log,0
BP2,DB08100,DrugBank,Cc1cc(/C=C/c2ccccc2)cc(C)c1O,BP2_DB08100,conf00_base,base,0,-6.88,-7.784,work/ensemble_docking/conf00_base/BP2/BP2_DB08100_vina_out.pdbqt,work/ensemble_docking/conf00_base/BP2/BP2_DB08100_vina.log,0
BP2,380712;50005460;MolPort-035-673-217;SCHEMBL2761855;ZINC000006576436,MolPort;SureChEMBL;ZINC15;numeric library ID,O=c1cc(O)c2ccc3ccccc3c2o1,BP2_380712,conf00_base,base,0,-6.86,-7.186,work/ensemble_docking/conf00_base/BP2/BP2_380712_vina_out.pdbqt,work/ensemble_docking/conf00_base/BP2/BP2_380712_vina.log,0
BP2,32838,numeric library ID,O=C1NC(=O)C2(CCc3ccccc32)N1,BP2_32838,conf00_base,base,0,-6.786,-7.178,work/ensemble_docking/conf00_base/BP2/BP2_32838_vina_out.pdbqt,work/ensemble_docking/conf00_base/BP2/BP2_32838_vina.log,0
BP2,XZZ,PDB ligand,Cc1cc(=O)oc2cc(O)c(Cl)cc12,BP2_XZZ,conf00_base,base,0,-6.748,-6.676,work/ensemble_docking/conf00_base/BP2/BP2_XZZ_vina_out.pdbqt,work/ensemble_docking/conf00_base/BP2/BP2_XZZ_vina.log,0
BP2,CHEMBL227815,ChEMBL23,O=C1C(O)=Cc2cccc3cccc1c23,BP2_CHEMBL227815,conf00_base,base,0,-6.711,-7.231,work/ensemble_docking/conf00_base/BP2/BP2_CHEMBL227815_vina_out.pdbqt,work/ensemble_docking/conf00_base/BP2/BP2_CHEMBL227815_vina.log,0
BP2,SCHEMBL8945680,SureChEMBL,O=c1cc(O)c2cc(-c3ccccc3)ccc2o1,BP2_SCHEMBL8945680,conf00_base,base,0,-6.711,-7.634,work/ensemble_docking/conf00_base/BP2/BP2_SCHEMBL8945680_vina_out.pdbqt,work/ensemble_docking/conf00_base/BP2/BP2_SCHEMBL8945680_vina.log,0
BP2,764465,numeric library ID,Cc1cc(=O)oc2cc(O)c(N)cc12,BP2_764465,conf00_base,base,0,-6.684,-6.855,work/ensemble_docking/conf00_base/BP2/BP2_764465_vina_out.pdbqt,work/ensemble_docking/conf00_base/BP2/BP2_764465_vina.log,0
BP2,DB09096,DrugBank,O=C(OOC(=O)c1ccccc1)c1ccccc1,BP2_DB09096,conf00_base,base,0,-6.587,-6.144,work/ensemble_docking/conf00_base/BP2/BP2_DB09096_vina_out.pdbqt,work/ensemble_docking/conf00_base/BP2/BP2_DB09096_vina.log,0
BP2,DB00794,DrugBank,CCC1(c2ccccc2)C(=O)NCNC1=O,BP2_DB00794,conf00_base,base,0,-6.541,-6.849,work/ensemble_docking/conf00_base/BP2/BP2_DB00794_vina_out.pdbqt,work/ensemble_docking/conf00_base/BP2/BP2_DB00794_vina.log,0
BP2,3WL,PDB ligand,O=c1cc(-c2ccccc2)oc2cc(O)c(O)c(O)c12,BP2_3WL,conf00_base,base,0,-6.505,-7.796,work/ensemble_docking/conf00_base/BP2/BP2_3WL_vina_out.pdbqt,work/ensemble_docking/conf00_base/BP2/BP2_3WL_vina.log,0
BP2,529222;CHEMBL12208;MolPort-000-467-367;ZINC000000058121,ChEMBL23;MolPort;ZINC15;numeric library ID,Cc1cc(=O)oc2cc(O)ccc12,BP2_529222,conf00_base,base,0,-6.453,-6.529,work/ensemble_docking/conf00_base/BP2/BP2_529222_vina_out.pdbqt,work/ensemble_docking/conf00_base/BP2/BP2_529222_vina.log,0
BP2,SCHEMBL11848480,SureChEMBL,O=c1cc(O)c2ccc(O)cc2o1,BP2_SCHEMBL11848480,conf00_base,base,0,-6.134,-6.19,work/ensemble_docking/conf00_base/BP2/BP2_SCHEMBL11848480_vina_out.pdbqt,work/ensemble_docking/conf00_base/BP2/BP2_SCHEMBL11848480_vina.log,0
BP2,SCHEMBL1366927,SureChEMBL,O=c1ccc2cccc(O)c2o1,BP2_SCHEMBL1366927,conf00_base,base,0,-5.969,-6.424,work/ensemble_docking/conf00_base/BP2/BP2_SCHEMBL1366927_vina_out.pdbqt,work/ensemble_docking/conf00_base/BP2/BP2_SCHEMBL1366927_vina.log,0
BP1,251157;ZINC000103969950,ZINC15;numeric library ID,Cc1c(O)c2ccc3ccccc3c2oc1=O,BP1_251157,conf01_mode1_minus,mode1,-1,-7.396,-7.256,work/ensemble_docking/conf01_mode1_minus/BP1/BP1_251157_vina_out.pdbqt,work/ensemble_docking/conf01_mode1_minus/BP1/BP1_251157_vina.log,0
BP1,CHEMBL1929523,ChEMBL23,O=c1ccc2c(ccc3oc4ccccc4c32)o1,BP1_CHEMBL1929523,conf01_mode1_minus,mode1,-1,-7.388,-7.295,work/ensemble_docking/conf01_mode1_minus/BP1/BP1_CHEMBL1929523_vina_out.pdbqt,work/ensemble_docking/conf01_mode1_minus/BP1/BP1_CHEMBL1929523_vina.log,0
BP1,CHEMBL3306562,ChEMBL23,N#Cc1c(O)c2cc3ccccc3cc2oc1=O,BP1_CHEMBL3306562,conf01_mode1_minus,mode1,-1,-7.338,-6.878,work/ensemble_docking/conf01_mode1_minus/BP1/BP1_CHEMBL3306562_vina_out.pdbqt,work/ensemble_docking/conf01_mode1_minus/BP1/BP1_CHEMBL3306562_vina.log,0
BP1,DB03623,DrugBank,Oc1ccc(-c2cnc3ccc4ccncc4c3c2)cc1,BP1_DB03623,conf01_mode1_minus,mode1,-1,-7.328,-7.4,work/ensemble_docking/conf01_mode1_minus/BP1/BP1_DB03623_vina_out.pdbqt,work/ensemble_docking/conf01_mode1_minus/BP1/BP1_DB03623_vina.log,0
BP1,MolPort-002-367-171,MolPort,Cc1c(C)c2ccc(O)cc2oc1=O,BP1_MolPort-002-367-171,conf01_mode1_minus,mode1,-1,-7.327,-6.696,work/ensemble_docking/conf01_mode1_minus/BP1/BP1_MolPort-002-367-171_vina_out.pdbqt,work/ensemble_docking/conf01_mode1_minus/BP1/BP1_MolPort-002-367-171_vina.log,0
BP1,CHEMBL329500,ChEMBL23,O=c1cc(-c2ccccc2)oc2c1ccc1ccc(O)cc12,BP1_CHEMBL329500,conf01_mode1_minus,mode1,-1,-7.27,-7.657,work/ensemble_docking/conf01_mode1_minus/BP1/BP1_CHEMBL329500_vina_out.pdbqt,work/ensemble_docking/conf01_mode1_minus/BP1/BP1_CHEMBL329500_vina.log,0
BP1,PEY,PDB ligand,c1ccc2c(c1)ccc1ccccc12,BP1_PEY,conf01_mode1_minus,mode1,-1,-7.242,-7.32,work/ensemble_docking/conf01_mode1_minus/BP1/BP1_PEY_vina_out.pdbqt,work/ensemble_docking/conf01_mode1_minus/BP1/BP1_PEY_vina.log,0
BP1,HMDB34138,HMDB,O=c1oc2cc(O)ccc2c2oc3cc(O)cc(O)c3c12,BP1_HMDB34138,conf01_mode1_minus,mode1,-1,-7.241,-7.035,work/ensemble_docking/conf01_mode1_minus/BP1/BP1_HMDB34138_vina_out.pdbqt,work/ensemble_docking/conf01_mode1_minus/BP1/BP1_HMDB34138_vina.log,0
BP1,19824,numeric library ID,CC1(C)c2ccccc2-c2nc3ccccc3cc2C1O,BP1_19824,conf01_mode1_minus,mode1,-1,-7.229,-7.567,work/ensemble_docking/conf01_mode1_minus/BP1/BP1_19824_vina_out.pdbqt,work/ensemble_docking/conf01_mode1_minus/BP1/BP1_19824_vina.log,0
BP1,CHEMBL3409185,ChEMBL23,Oc1cc(-c2cc3ccccc3o2)c(Br)c(O)c1O,BP1_CHEMBL3409185,conf01_mode1_minus,mode1,-1,-7.206,-6.399,work/ensemble_docking/conf01_mode1_minus/BP1/BP1_CHEMBL3409185_vina_out.pdbqt,work/ensemble_docking/conf01_mode1_minus/BP1/BP1_CHEMBL3409185_vina.log,0
BP1,HMDB32713,HMDB,Oc1ccc(-c2cc(O)cc(O)c2)cc1,BP1_HMDB32713,conf01_mode1_minus,mode1,-1,-7.148,-6.671,work/ensemble_docking/conf01_mode1_minus/BP1/BP1_HMDB32713_vina_out.pdbqt,work/ensemble_docking/conf01_mode1_minus/BP1/BP1_HMDB32713_vina.log,0
BP1,HMDB59798,HMDB,Oc1ccc2c(ccc3ccccc32)c1,BP1_HMDB59798,conf01_mode1_minus,mode1,-1,-7.118,-7.439,work/ensemble_docking/conf01_mode1_minus/BP1/BP1_HMDB59798_vina_out.pdbqt,work/ensemble_docking/conf01_mode1_minus/BP1/BP1_HMDB59798_vina.log,0
BP1,DB04641,DrugBank,O=C(O)c1cc2cc(O)ccc2cc1O,BP1_DB04641,conf01_mode1_minus,mode1,-1,-7.11,-6.922,work/ensemble_docking/conf01_mode1_minus/BP1/BP1_DB04641_vina_out.pdbqt,work/ensemble_docking/conf01_mode1_minus/BP1/BP1_DB04641_vina.log,0
BP1,10510606;MolPort-006-318-916;ZINC000006117594,MolPort;ZINC15;numeric library ID,O=c1c2ccccc2oc2cc(O)cc(O)c12,BP1_10510606,conf01_mode1_minus,mode1,-1,-7.092,-6.898,work/ensemble_docking/conf01_mode1_minus/BP1/BP1_10510606_vina_out.pdbqt,work/ensemble_docking/conf01_mode1_minus/BP1/BP1_10510606_vina.log,0
BP1,SCHEMBL15388250,SureChEMBL,Cc1ccc2c(=O)oc3cc(O)ccc3c2c1,BP1_SCHEMBL15388250,conf01_mode1_minus,mode1,-1,-7.072,-7.321,work/ensemble_docking/conf01_mode1_minus/BP1/BP1_SCHEMBL15388250_vina_out.pdbqt,work/ensemble_docking/conf01_mode1_minus/BP1/BP1_SCHEMBL15388250_vina.log,0
BP1,LSM-3723,LINCS,O=C1c2ccccc2-c2cccc3cccc1c23,BP1_LSM-3723,conf01_mode1_minus,mode1,-1,-7.064,-7.289,work/ensemble_docking/conf01_mode1_minus/BP1/BP1_LSM-3723_vina_out.pdbqt,work/ensemble_docking/conf01_mode1_minus/BP1/BP1_LSM-3723_vina.log,0
BP1,402797;MolPort-000-744-145;ZINC000000058126,MolPort;ZINC15;numeric library ID,Cc1cc(=O)oc2cc(O)cc(O)c12,BP1_402797,conf01_mode1_minus,mode1,-1,-7.062,-6.459,work/ensemble_docking/conf01_mode1_minus/BP1/BP1_402797_vina_out.pdbqt,work/ensemble_docking/conf01_mode1_minus/BP1/BP1_402797_vina.log,0
BP1,HMDB59801,HMDB,Oc1cc2ccccc2c2ccccc12,BP1_HMDB59801,conf01_mode1_minus,mode1,-1,-7.051,-7.111,work/ensemble_docking/conf01_mode1_minus/BP1/BP1_HMDB59801_vina_out.pdbqt,work/ensemble_docking/conf01_mode1_minus/BP1/BP1_HMDB59801_vina.log,0
BP1,151252,numeric library ID,O=C(O)c1cc2ccccc2c2cc(Br)ccc12,BP1_151252,conf01_mode1_minus,mode1,-1,-7.043,-7.227,work/ensemble_docking/conf01_mode1_minus/BP1/BP1_151252_vina_out.pdbqt,work/ensemble_docking/conf01_mode1_minus/BP1/BP1_151252_vina.log,0
BP1,CHEMBL271516;MolPort-000-422-134,ChEMBL23;MolPort,O=c1cc(CCl)c2ccc(O)cc2o1,BP1_CHEMBL271516,conf01_mode1_minus,mode1,-1,-7.036,-6.487,work/ensemble_docking/conf01_mode1_minus/BP1/BP1_CHEMBL271516_vina_out.pdbqt,work/ensemble_docking/conf01_mode1_minus/BP1/BP1_CHEMBL271516_vina.log,0
BP1,LSM-25905,LINCS,Cc1cc(O)nc2cc(O)ccc12,BP1_LSM-25905,conf01_mode1_minus,mode1,-1,-7.024,-6.465,work/ensemble_docking/conf01_mode1_minus/BP1/BP1_LSM-25905_vina_out.pdbqt,work/ensemble_docking/conf01_mode1_minus/BP1/BP1_LSM-25905_vina.log,0
BP1,54870284,numeric library ID,COc1ccc2c(=O)oc3cc(O)ccc3c2c1,BP1_54870284,conf01_mode1_minus,mode1,-1,-6.991,-7.019,work/ensemble_docking/conf01_mode1_minus/BP1/BP1_54870284_vina_out.pdbqt,work/ensemble_docking/conf01_mode1_minus/BP1/BP1_54870284_vina.log,0
BP1,LSM-32647,LINCS,CN(C)C(=O)c1c(-c2ccccc2)oc2ccc(O)cc12,BP1_LSM-32647,conf01_mode1_minus,mode1,-1,-6.988,-6.576,work/ensemble_docking/conf01_mode1_minus/BP1/BP1_LSM-32647_vina_out.pdbqt,work/ensemble_docking/conf01_mode1_minus/BP1/BP1_LSM-32647_vina.log,0
BP1,LSM-33579,LINCS,O=C(NC1CCCC1)c1cc2c(ccc3ccccc32)o1,BP1_LSM-33579,conf01_mode1_minus,mode1,-1,-6.986,-7.23,work/ensemble_docking/conf01_mode1_minus/BP1/BP1_LSM-33579_vina_out.pdbqt,work/ensemble_docking/conf01_mode1_minus/BP1/BP1_LSM-33579_vina.log,0
BP1,53845739;SCHEMBL13315779;ZINC000200389531,SureChEMBL;ZINC15;numeric library ID,C#Cc1cc(=O)oc2ccccc12,BP1_53845739,conf01_mode1_minus,mode1,-1,-6.98,-6.349,work/ensemble_docking/conf01_mode1_minus/BP1/BP1_53845739_vina_out.pdbqt,work/ensemble_docking/conf01_mode1_minus/BP1/BP1_53845739_vina.log,0
BP1,1401;4MU;529222;760397;DB07118;HMDB59622;LSM-3025,DrugBank;HMDB;LINCS;PDB ligand;numeric library ID,Cc1cc(=O)oc2cc(O)ccc12,BP1_1401,conf01_mode1_minus,mode1,-1,-6.967,-6.581,work/ensemble_docking/conf01_mode1_minus/BP1/BP1_1401_vina_out.pdbqt,work/ensemble_docking/conf01_mode1_minus/BP1/BP1_1401_vina.log,0
BP1,4417258,numeric library ID,Cc1ccc(C(c2c(O)c3ccccc3oc2=O)c2c(O)c3ccccc3oc2=O)cc1,BP1_4417258,conf01_mode1_minus,mode1,-1,-6.954,-7.125,work/ensemble_docking/conf01_mode1_minus/BP1/BP1_4417258_vina_out.pdbqt,work/ensemble_docking/conf01_mode1_minus/BP1/BP1_4417258_vina.log,0
BP1,62129,numeric library ID,Oc1ccc2c(ccc3nc[nH]c32)c1,BP1_62129,conf01_mode1_minus,mode1,-1,-6.945,-7.087,work/ensemble_docking/conf01_mode1_minus/BP1/BP1_62129_vina_out.pdbqt,work/ensemble_docking/conf01_mode1_minus/BP1/BP1_62129_vina.log,0
BP1,MolPort-000-499-561,MolPort,O=C(O)c1cc(=O)c2ccccc2o1,BP1_MolPort-000-499-561,conf01_mode1_minus,mode1,-1,-6.931,-6.615,work/ensemble_docking/conf01_mode1_minus/BP1/BP1_MolPort-000-499-561_vina_out.pdbqt,work/ensemble_docking/conf01_mode1_minus/BP1/BP1_MolPort-000-499-561_vina.log,0
BP1,DB00776,DrugBank,NC(=O)N1c2ccccc2CC(=O)c2ccccc21,BP1_DB00776,conf01_mode1_minus,mode1,-1,-6.883,-7.797,work/ensemble_docking/conf01_mode1_minus/BP1/BP1_DB00776_vina_out.pdbqt,work/ensemble_docking/conf01_mode1_minus/BP1/BP1_DB00776_vina.log,0
BP1,29698120;SCHEMBL2761833;ZINC000044672070,SureChEMBL;ZINC15;numeric library ID,O=c1cc(O)c2ccc(F)cc2o1,BP1_29698120,conf01_mode1_minus,mode1,-1,-6.856,-6.452,work/ensemble_docking/conf01_mode1_minus/BP1/BP1_29698120_vina_out.pdbqt,work/ensemble_docking/conf01_mode1_minus/BP1/BP1_29698120_vina.log,0
BP1,CHEMBL32810;MolPort-002-043-397;SCHEMBL11848480,ChEMBL23;MolPort;SureChEMBL,O=c1cc(O)c2ccc(O)cc2o1,BP1_CHEMBL32810,conf01_mode1_minus,mode1,-1,-6.759,-6.275,work/ensemble_docking/conf01_mode1_minus/BP1/BP1_CHEMBL32810_vina_out.pdbqt,work/ensemble_docking/conf01_mode1_minus/BP1/BP1_CHEMBL32810_vina.log,0
BP1,5426,numeric library ID,Cc1c2cc(O)c(=O)cc-2oc2cc(O)c(O)cc12,BP1_5426,conf01_mode1_minus,mode1,-1,-6.757,-6.62,work/ensemble_docking/conf01_mode1_minus/BP1/BP1_5426_vina_out.pdbqt,work/ensemble_docking/conf01_mode1_minus/BP1/BP1_5426_vina.log,0
BP1,DB00170,DrugBank,CC1=CC(=O)c2ccccc2C1=O,BP1_DB00170,conf01_mode1_minus,mode1,-1,-6.575,-6.282,work/ensemble_docking/conf01_mode1_minus/BP1/BP1_DB00170_vina_out.pdbqt,work/ensemble_docking/conf01_mode1_minus/BP1/BP1_DB00170_vina.log,0
BP1,SCHEMBL9642273,SureChEMBL,O=c1[cH-]c(=O)c2ccccc2o1,BP1_SCHEMBL9642273,conf01_mode1_minus,mode1,-1,-6.514,-6.071,work/ensemble_docking/conf01_mode1_minus/BP1/BP1_SCHEMBL9642273_vina_out.pdbqt,work/ensemble_docking/conf01_mode1_minus/BP1/BP1_SCHEMBL9642273_vina.log,0
BP1,DB04840,DrugBank,N=C(N)N1CCc2ccccc2C1,BP1_DB04840,conf01_mode1_minus,mode1,-1,-6.513,-6.392,work/ensemble_docking/conf01_mode1_minus/BP1/BP1_DB04840_vina_out.pdbqt,work/ensemble_docking/conf01_mode1_minus/BP1/BP1_DB04840_vina.log,0
BP1,DB00972,DrugBank,CN1CCCC(n2nc(Cc3ccc(Cl)cc3)c3ccccc3c2=O)CC1,BP1_DB00972,conf01_mode1_minus,mode1,-1,-6.318,-6.716,work/ensemble_docking/conf01_mode1_minus/BP1/BP1_DB00972_vina_out.pdbqt,work/ensemble_docking/conf01_mode1_minus/BP1/BP1_DB00972_vina.log,0
BP2,746361,numeric library ID,Oc1cc(-c2nc3ccccc3o2)c(O)cc1-c1nc2ccccc2o1,BP2_746361,conf01_mode1_minus,mode1,-1,-9.116,-8.371,work/ensemble_docking/conf01_mode1_minus/BP2/BP2_746361_vina_out.pdbqt,work/ensemble_docking/conf01_mode1_minus/BP2/BP2_746361_vina.log,0
BP2,3543,numeric library ID,Cc1ccccc1N=Nc1ccc(N=Nc2c(O)ccc3ccccc23)c(C)c1,BP2_3543,conf01_mode1_minus,mode1,-1,-9.093,-7.864,work/ensemble_docking/conf01_mode1_minus/BP2/BP2_3543_vina_out.pdbqt,work/ensemble_docking/conf01_mode1_minus/BP2/BP2_3543_vina.log,0
BP2,118810,numeric library ID,Cc1cc(=O)oc2cc(O)cc(OCc3ccccc3)c12,BP2_118810,conf01_mode1_minus,mode1,-1,-8.495,-8.176,work/ensemble_docking/conf01_mode1_minus/BP2/BP2_118810_vina_out.pdbqt,work/ensemble_docking/conf01_mode1_minus/BP2/BP2_118810_vina.log,0
BP2,50651,numeric library ID,O=C(Nc1ccc(Cl)cc1)c1cc2c(cc1O)[nH]c1ccccc12,BP2_50651,conf01_mode1_minus,mode1,-1,-8.307,-8.597,work/ensemble_docking/conf01_mode1_minus/BP2/BP2_50651_vina_out.pdbqt,work/ensemble_docking/conf01_mode1_minus/BP2/BP2_50651_vina.log,0
BP2,MolPort-002-321-924,MolPort,O=C(NNC(=O)c1c(O)c2ccccc2oc1=O)c1c(O)c2ccccc2oc1=O,BP2_MolPort-002-321-924,conf01_mode1_minus,mode1,-1,-8.303,-8.354,work/ensemble_docking/conf01_mode1_minus/BP2/BP2_MolPort-002-321-924_vina_out.pdbqt,work/ensemble_docking/conf01_mode1_minus/BP2/BP2_MolPort-002-321-924_vina.log,0
BP2,686393;CHEMBL392451,ChEMBL23;numeric library ID,O=c1oc2ccccc2c(O)c1C(c1cccc(C(c2c(O)c3ccccc3oc2=O)c2c(O)c3ccccc3oc2=O)c1)c1c(O)c2ccccc2oc1=O,BP2_686393,conf01_mode1_minus,mode1,-1,-8.211,-9.343,work/ensemble_docking/conf01_mode1_minus/BP2/BP2_686393_vina_out.pdbqt,work/ensemble_docking/conf01_mode1_minus/BP2/BP2_686393_vina.log,0
BP2,CHEMBL1364708;MolPort-003-378-434,ChEMBL23;MolPort,O=c1cc(-c2cc3ccccc3o2)c2cc(O)ccc2o1,BP2_CHEMBL1364708,conf01_mode1_minus,mode1,-1,-8.175,-8.283,work/ensemble_docking/conf01_mode1_minus/BP2/BP2_CHEMBL1364708_vina_out.pdbqt,work/ensemble_docking/conf01_mode1_minus/BP2/BP2_CHEMBL1364708_vina.log,0
BP2,4368550;CHEMBL1801014;ZINC000000057885,ChEMBL23;ZINC15;numeric library ID,O=c1cc(-c2cccc(O)c2)oc2c1ccc1ccccc12,BP2_4368550,conf01_mode1_minus,mode1,-1,-8.141,-8.511,work/ensemble_docking/conf01_mode1_minus/BP2/BP2_4368550_vina_out.pdbqt,work/ensemble_docking/conf01_mode1_minus/BP2/BP2_4368550_vina.log,0
BP2,7524,numeric library ID,COc1ccc(C(=O)O[C@H]2CC[C@@]3(C)[C@@H]4CC[C@H]5[C@]6(O)C[C@H](O)[C@@]7(O)[C@@H](CN8C[C@@H](C)CC[C@H]8[C@@]7(C)O)[C@]6(O)C[C@@]53O[C@@]24O)cc1OC,BP2_7524,conf01_mode1_minus,mode1,-1,-8.124,-8.357,work/ensemble_docking/conf01_mode1_minus/BP2/BP2_7524_vina_out.pdbqt,work/ensemble_docking/conf01_mode1_minus/BP2/BP2_7524_vina.log,0
BP2,656562,numeric library ID,O=c1oc2cc3ccccc3cc2c2c1ccc1ccccc12,BP2_656562,conf01_mode1_minus,mode1,-1,-8.08,-8.39,work/ensemble_docking/conf01_mode1_minus/BP2/BP2_656562_vina_out.pdbqt,work/ensemble_docking/conf01_mode1_minus/BP2/BP2_656562_vina.log,0
BP2,DB06595,DrugBank,CO[C@@H]1[C@H](N(C)C(=O)c2ccccc2)C[C@H]2O[C@]1(C)n1c3ccccc3c3c4c(c5c6ccccc6n2c5c31)C(=O)NC4,BP2_DB06595,conf01_mode1_minus,mode1,-1,-7.953,-8.775,work/ensemble_docking/conf01_mode1_minus/BP2/BP2_DB06595_vina_out.pdbqt,work/ensemble_docking/conf01_mode1_minus/BP2/BP2_DB06595_vina.log,0
BP2,HMDB30796;LSM-36988;MRI,HMDB;LINCS;PDB ligand,O=c1c(O)c(-c2ccc(O)cc2O)oc2cc(O)cc(O)c12,BP2_HMDB30796,conf01_mode1_minus,mode1,-1,-7.943,-7.619,work/ensemble_docking/conf01_mode1_minus/BP2/BP2_HMDB30796_vina_out.pdbqt,work/ensemble_docking/conf01_mode1_minus/BP2/BP2_HMDB30796_vina.log,0
BP2,71881,numeric library ID,O=C(Nc1ccc2ncccc2c1)Nc1ccc2ncccc2c1,BP2_71881,conf01_mode1_minus,mode1,-1,-7.856,-8.533,work/ensemble_docking/conf01_mode1_minus/BP2/BP2_71881_vina_out.pdbqt,work/ensemble_docking/conf01_mode1_minus/BP2/BP2_71881_vina.log,0
BP2,338;DB07009,DrugBank;PDB ligand,Oc1ccc2nc(-c3cccc4c(O)cccc34)oc2c1,BP2_338,conf01_mode1_minus,mode1,-1,-7.843,-7.804,work/ensemble_docking/conf01_mode1_minus/BP2/BP2_338_vina_out.pdbqt,work/ensemble_docking/conf01_mode1_minus/BP2/BP2_338_vina.log,0
BP2,HMDB30821,HMDB,O=c1ccc2cc(O)c(OC3OC(CO)C(O)C(O)C3O)cc2o1,BP2_HMDB30821,conf01_mode1_minus,mode1,-1,-7.718,-7.126,work/ensemble_docking/conf01_mode1_minus/BP2/BP2_HMDB30821_vina_out.pdbqt,work/ensemble_docking/conf01_mode1_minus/BP2/BP2_HMDB30821_vina.log,0
BP2,13974,numeric library ID,Nc1ccc(N=Nc2ccccc2)c2ccccc12,BP2_13974,conf01_mode1_minus,mode1,-1,-7.699,-7.521,work/ensemble_docking/conf01_mode1_minus/BP2/BP2_13974_vina_out.pdbqt,work/ensemble_docking/conf01_mode1_minus/BP2/BP2_13974_vina.log,0
BP2,HMDB38956,HMDB,O=c1oc(C=CC=Cc2ccc(O)cc2)nc2ccccc12,BP2_HMDB38956,conf01_mode1_minus,mode1,-1,-7.636,-8.075,work/ensemble_docking/conf01_mode1_minus/BP2/BP2_HMDB38956_vina_out.pdbqt,work/ensemble_docking/conf01_mode1_minus/BP2/BP2_HMDB38956_vina.log,0
BP2,96541,numeric library ID,N#CC1C=Cc2c(ccc3ccccc23)N1C(=O)c1ccccc1,BP2_96541,conf01_mode1_minus,mode1,-1,-7.635,-7.679,work/ensemble_docking/conf01_mode1_minus/BP2/BP2_96541_vina_out.pdbqt,work/ensemble_docking/conf01_mode1_minus/BP2/BP2_96541_vina.log,0
BP2,85Z,PDB ligand,Cc1cc(F)ccc1-c1c(Cc2ccc(/C=C/C(=O)O)cc2)c2ccc(O)cc2oc1=O,BP2_85Z,conf01_mode1_minus,mode1,-1,-7.594,-9.661,work/ensemble_docking/conf01_mode1_minus/BP2/BP2_85Z_vina_out.pdbqt,work/ensemble_docking/conf01_mode1_minus/BP2/BP2_85Z_vina.log,0
BP2,CHEMBL2262363,ChEMBL23,O=c1oc2ccccc2c(O)c1-c1cccc(-c2c(O)c3ccccc3oc2=O)c1,BP2_CHEMBL2262363,conf01_mode1_minus,mode1,-1,-7.581,-9.26,work/ensemble_docking/conf01_mode1_minus/BP2/BP2_CHEMBL2262363_vina_out.pdbqt,work/ensemble_docking/conf01_mode1_minus/BP2/BP2_CHEMBL2262363_vina.log,0
BP2,DB07236,DrugBank,Oc1ccc2cc(-c3noc4cc(O)ccc34)ccc2c1,BP2_DB07236,conf01_mode1_minus,mode1,-1,-7.533,-8.03,work/ensemble_docking/conf01_mode1_minus/BP2/BP2_DB07236_vina_out.pdbqt,work/ensemble_docking/conf01_mode1_minus/BP2/BP2_DB07236_vina.log,0
BP2,LSM-27001,LINCS,O=c1oc2cc(OCc3ccc([N+](=O)[O-])cc3)ccc2c2c1CCCC2,BP2_LSM-27001,conf01_mode1_minus,mode1,-1,-7.532,-8.141,work/ensemble_docking/conf01_mode1_minus/BP2/BP2_LSM-27001_vina_out.pdbqt,work/ensemble_docking/conf01_mode1_minus/BP2/BP2_LSM-27001_vina.log,0
BP2,317,PDB ligand,CCc1oc2ccccc2c1C(=O)c1ccc(O)cc1,BP2_317,conf01_mode1_minus,mode1,-1,-7.497,-7.246,work/ensemble_docking/conf01_mode1_minus/BP2/BP2_317_vina_out.pdbqt,work/ensemble_docking/conf01_mode1_minus/BP2/BP2_317_vina.log,0
BP2,HMDB29534,HMDB,CC(=O)c1c(O)ccc2c(=O)c(-c3ccccc3)c(C)oc12,BP2_HMDB29534,conf01_mode1_minus,mode1,-1,-7.487,-6.911,work/ensemble_docking/conf01_mode1_minus/BP2/BP2_HMDB29534_vina_out.pdbqt,work/ensemble_docking/conf01_mode1_minus/BP2/BP2_HMDB29534_vina.log,0
BP2,DB08820,DrugBank,CC(C)(C)c1cc(C(C)(C)C)c(NC(=O)c2c[nH]c3ccccc3c2=O)cc1O,BP2_DB08820,conf01_mode1_minus,mode1,-1,-7.456,-8.465,work/ensemble_docking/conf01_mode1_minus/BP2/BP2_DB08820_vina_out.pdbqt,work/ensemble_docking/conf01_mode1_minus/BP2/BP2_DB08820_vina.log,0
BP2,DB04750,DrugBank,O=C(O)c1ccc(-c2c3cc(F)c(=O)cc-3oc3cc(O)c(F)cc23)c(C(=O)O)c1,BP2_DB04750,conf01_mode1_minus,mode1,-1,-7.429,-8.458,work/ensemble_docking/conf01_mode1_minus/BP2/BP2_DB04750_vina_out.pdbqt,work/ensemble_docking/conf01_mode1_minus/BP2/BP2_DB04750_vina.log,0
BP2,1842204;MolPort-002-113-300;ZINC000000296657,MolPort;ZINC15;numeric library ID,O=C(Oc1cc(=O)oc2ccccc12)c1ccccc1,BP2_1842204,conf01_mode1_minus,mode1,-1,-7.367,-7.59,work/ensemble_docking/conf01_mode1_minus/BP2/BP2_1842204_vina_out.pdbqt,work/ensemble_docking/conf01_mode1_minus/BP2/BP2_1842204_vina.log,0
BP2,DB01852;LSM-5304,DrugBank;LINCS,O=c1c(O)c(-c2ccc(O)cc2)oc2cc(O)cc(O)c12,BP2_DB01852,conf01_mode1_minus,mode1,-1,-7.312,-7.917,work/ensemble_docking/conf01_mode1_minus/BP2/BP2_DB01852_vina_out.pdbqt,work/ensemble_docking/conf01_mode1_minus/BP2/BP2_DB01852_vina.log,0
BP2,HMDB29219,HMDB,O=c1oc2c(O)c(O)ccc2c2cc(O)c(O)cc12,BP2_HMDB29219,conf01_mode1_minus,mode1,-1,-7.247,-7.607,work/ensemble_docking/conf01_mode1_minus/BP2/BP2_HMDB29219_vina_out.pdbqt,work/ensemble_docking/conf01_mode1_minus/BP2/BP2_HMDB29219_vina.log,0
BP2,SCHEMBL11830680,SureChEMBL,O=c1cc(O)c2cc(Cc3ccccc3)ccc2o1,BP2_SCHEMBL11830680,conf01_mode1_minus,mode1,-1,-7.191,-7.441,work/ensemble_docking/conf01_mode1_minus/BP2/BP2_SCHEMBL11830680_vina_out.pdbqt,work/ensemble_docking/conf01_mode1_minus/BP2/BP2_SCHEMBL11830680_vina.log,0
BP2,17055,numeric library ID,CC(=O)Oc1ccc2cc(-c3ccccc3)c(=O)oc2c1,BP2_17055,conf01_mode1_minus,mode1,-1,-7.183,-7.718,work/ensemble_docking/conf01_mode1_minus/BP2/BP2_17055_vina_out.pdbqt,work/ensemble_docking/conf01_mode1_minus/BP2/BP2_17055_vina.log,0
BP2,CHEMBL374372,ChEMBL23,O=c1cc(/C=C/c2ccc(O)c(O)c2)oc2ccccc12,BP2_CHEMBL374372,conf01_mode1_minus,mode1,-1,-7.174,-8.786,work/ensemble_docking/conf01_mode1_minus/BP2/BP2_CHEMBL374372_vina_out.pdbqt,work/ensemble_docking/conf01_mode1_minus/BP2/BP2_CHEMBL374372_vina.log,0
BP2,LSM-36455,LINCS,O=c1oc2c(O)c(O)cc3c(=O)oc4c(O)c(O)cc1c4c23,BP2_LSM-36455,conf01_mode1_minus,mode1,-1,-7.102,-7.975,work/ensemble_docking/conf01_mode1_minus/BP2/BP2_LSM-36455_vina_out.pdbqt,work/ensemble_docking/conf01_mode1_minus/BP2/BP2_LSM-36455_vina.log,0
BP2,2357873;MolPort-002-153-633;ZINC000002897678,MolPort;ZINC15;numeric library ID,O=c1cc(O)c2c(=O)oc3ccccc3c2o1,BP2_2357873,conf01_mode1_minus,mode1,-1,-7.02,-7.146,work/ensemble_docking/conf01_mode1_minus/BP2/BP2_2357873_vina_out.pdbqt,work/ensemble_docking/conf01_mode1_minus/BP2/BP2_2357873_vina.log,0
BP2,2035856,numeric library ID,O=c1cc(Oc2cc(=O)oc3ccccc23)c2ccccc2o1,BP2_2035856,conf01_mode1_minus,mode1,-1,-7.005,-7.787,work/ensemble_docking/conf01_mode1_minus/BP2/BP2_2035856_vina_out.pdbqt,work/ensemble_docking/conf01_mode1_minus/BP2/BP2_2035856_vina.log,0
BP2,CHEMBL3094027,ChEMBL23,O=c1cc(O)c2ccc(OCc3cccc(F)c3)cc2o1,BP2_CHEMBL3094027,conf01_mode1_minus,mode1,-1,-6.968,-7.537,work/ensemble_docking/conf01_mode1_minus/BP2/BP2_CHEMBL3094027_vina_out.pdbqt,work/ensemble_docking/conf01_mode1_minus/BP2/BP2_CHEMBL3094027_vina.log,0
BP2,2608,numeric library ID,O=c1cc2oc3cc(O)c(O)cc3c(-c3ccccc3)c-2cc1O,BP2_2608,conf01_mode1_minus,mode1,-1,-6.961,-8.206,work/ensemble_docking/conf01_mode1_minus/BP2/BP2_2608_vina_out.pdbqt,work/ensemble_docking/conf01_mode1_minus/BP2/BP2_2608_vina.log,0
BP2,HMDB29518,HMDB,CC(=O)c1ccc2oc(=O)cc(C)c2c1O,BP2_HMDB29518,conf01_mode1_minus,mode1,-1,-6.957,-7.216,work/ensemble_docking/conf01_mode1_minus/BP2/BP2_HMDB29518_vina_out.pdbqt,work/ensemble_docking/conf01_mode1_minus/BP2/BP2_HMDB29518_vina.log,0
BP2,1477,numeric library ID,CC(C)Oc1ccc2c(=O)c(-c3ccccc3)coc2c1,BP2_1477,conf01_mode1_minus,mode1,-1,-6.953,-7.796,work/ensemble_docking/conf01_mode1_minus/BP2/BP2_1477_vina_out.pdbqt,work/ensemble_docking/conf01_mode1_minus/BP2/BP2_1477_vina.log,0
BP2,LSM-17202,LINCS,O=c1cc(CN2CCOCC2)c2cc(Cl)c(O)cc2o1,BP2_LSM-17202,conf01_mode1_minus,mode1,-1,-6.917,-6.754,work/ensemble_docking/conf01_mode1_minus/BP2/BP2_LSM-17202_vina_out.pdbqt,work/ensemble_docking/conf01_mode1_minus/BP2/BP2_LSM-17202_vina.log,0
BP2,DB08100,DrugBank,Cc1cc(/C=C/c2ccccc2)cc(C)c1O,BP2_DB08100,conf01_mode1_minus,mode1,-1,-6.88,-7.426,work/ensemble_docking/conf01_mode1_minus/BP2/BP2_DB08100_vina_out.pdbqt,work/ensemble_docking/conf01_mode1_minus/BP2/BP2_DB08100_vina.log,0
BP2,380712;50005460;MolPort-035-673-217;SCHEMBL2761855;ZINC000006576436,MolPort;SureChEMBL;ZINC15;numeric library ID,O=c1cc(O)c2ccc3ccccc3c2o1,BP2_380712,conf01_mode1_minus,mode1,-1,-6.86,-7.078,work/ensemble_docking/conf01_mode1_minus/BP2/BP2_380712_vina_out.pdbqt,work/ensemble_docking/conf01_mode1_minus/BP2/BP2_380712_vina.log,0
BP2,32838,numeric library ID,O=C1NC(=O)C2(CCc3ccccc32)N1,BP2_32838,conf01_mode1_minus,mode1,-1,-6.786,-6.298,work/ensemble_docking/conf01_mode1_minus/BP2/BP2_32838_vina_out.pdbqt,work/ensemble_docking/conf01_mode1_minus/BP2/BP2_32838_vina.log,0
BP2,XZZ,PDB ligand,Cc1cc(=O)oc2cc(O)c(Cl)cc12,BP2_XZZ,conf01_mode1_minus,mode1,-1,-6.748,-6.39,work/ensemble_docking/conf01_mode1_minus/BP2/BP2_XZZ_vina_out.pdbqt,work/ensemble_docking/conf01_mode1_minus/BP2/BP2_XZZ_vina.log,0
BP2,CHEMBL227815,ChEMBL23,O=C1C(O)=Cc2cccc3cccc1c23,BP2_CHEMBL227815,conf01_mode1_minus,mode1,-1,-6.711,-6.807,work/ensemble_docking/conf01_mode1_minus/BP2/BP2_CHEMBL227815_vina_out.pdbqt,work/ensemble_docking/conf01_mode1_minus/BP2/BP2_CHEMBL227815_vina.log,0
BP2,SCHEMBL8945680,SureChEMBL,O=c1cc(O)c2cc(-c3ccccc3)ccc2o1,BP2_SCHEMBL8945680,conf01_mode1_minus,mode1,-1,-6.711,-7.734,work/ensemble_docking/conf01_mode1_minus/BP2/BP2_SCHEMBL8945680_vina_out.pdbqt,work/ensemble_docking/conf01_mode1_minus/BP2/BP2_SCHEMBL8945680_vina.log,0
BP2,764465,numeric library ID,Cc1cc(=O)oc2cc(O)c(N)cc12,BP2_764465,conf01_mode1_minus,mode1,-1,-6.684,-6.559,work/ensemble_docking/conf01_mode1_minus/BP2/BP2_764465_vina_out.pdbqt,work/ensemble_docking/conf01_mode1_minus/BP2/BP2_764465_vina.log,0
BP2,DB09096,DrugBank,O=C(OOC(=O)c1ccccc1)c1ccccc1,BP2_DB09096,conf01_mode1_minus,mode1,-1,-6.587,-7.01,work/ensemble_docking/conf01_mode1_minus/BP2/BP2_DB09096_vina_out.pdbqt,work/ensemble_docking/conf01_mode1_minus/BP2/BP2_DB09096_vina.log,0
BP2,DB00794,DrugBank,CCC1(c2ccccc2)C(=O)NCNC1=O,BP2_DB00794,conf01_mode1_minus,mode1,-1,-6.541,-5.947,work/ensemble_docking/conf01_mode1_minus/BP2/BP2_DB00794_vina_out.pdbqt,work/ensemble_docking/conf01_mode1_minus/BP2/BP2_DB00794_vina.log,0
BP2,3WL,PDB ligand,O=c1cc(-c2ccccc2)oc2cc(O)c(O)c(O)c12,BP2_3WL,conf01_mode1_minus,mode1,-1,-6.505,-7.616,work/ensemble_docking/conf01_mode1_minus/BP2/BP2_3WL_vina_out.pdbqt,work/ensemble_docking/conf01_mode1_minus/BP2/BP2_3WL_vina.log,0
BP2,529222;CHEMBL12208;MolPort-000-467-367;ZINC000000058121,ChEMBL23;MolPort;ZINC15;numeric library ID,Cc1cc(=O)oc2cc(O)ccc12,BP2_529222,conf01_mode1_minus,mode1,-1,-6.453,-6.379,work/ensemble_docking/conf01_mode1_minus/BP2/BP2_529222_vina_out.pdbqt,work/ensemble_docking/conf01_mode1_minus/BP2/BP2_529222_vina.log,0
BP2,SCHEMBL11848480,SureChEMBL,O=c1cc(O)c2ccc(O)cc2o1,BP2_SCHEMBL11848480,conf01_mode1_minus,mode1,-1,-6.134,-6.16,work/ensemble_docking/conf01_mode1_minus/BP2/BP2_SCHEMBL11848480_vina_out.pdbqt,work/ensemble_docking/conf01_mode1_minus/BP2/BP2_SCHEMBL11848480_vina.log,0
BP2,SCHEMBL1366927,SureChEMBL,O=c1ccc2cccc(O)c2o1,BP2_SCHEMBL1366927,conf01_mode1_minus,mode1,-1,-5.969,-6.125,work/ensemble_docking/conf01_mode1_minus/BP2/BP2_SCHEMBL1366927_vina_out.pdbqt,work/ensemble_docking/conf01_mode1_minus/BP2/BP2_SCHEMBL1366927_vina.log,0
BP1,251157;ZINC000103969950,ZINC15;numeric library ID,Cc1c(O)c2ccc3ccccc3c2oc1=O,BP1_251157,conf02_mode1_plus,mode1,1,-7.396,-7.131,work/ensemble_docking/conf02_mode1_plus/BP1/BP1_251157_vina_out.pdbqt,work/ensemble_docking/conf02_mode1_plus/BP1/BP1_251157_vina.log,0
BP1,CHEMBL1929523,ChEMBL23,O=c1ccc2c(ccc3oc4ccccc4c32)o1,BP1_CHEMBL1929523,conf02_mode1_plus,mode1,1,-7.388,-7.375,work/ensemble_docking/conf02_mode1_plus/BP1/BP1_CHEMBL1929523_vina_out.pdbqt,work/ensemble_docking/conf02_mode1_plus/BP1/BP1_CHEMBL1929523_vina.log,0
BP1,CHEMBL3306562,ChEMBL23,N#Cc1c(O)c2cc3ccccc3cc2oc1=O,BP1_CHEMBL3306562,conf02_mode1_plus,mode1,1,-7.338,-6.852,work/ensemble_docking/conf02_mode1_plus/BP1/BP1_CHEMBL3306562_vina_out.pdbqt,work/ensemble_docking/conf02_mode1_plus/BP1/BP1_CHEMBL3306562_vina.log,0
BP1,DB03623,DrugBank,Oc1ccc(-c2cnc3ccc4ccncc4c3c2)cc1,BP1_DB03623,conf02_mode1_plus,mode1,1,-7.328,-7.477,work/ensemble_docking/conf02_mode1_plus/BP1/BP1_DB03623_vina_out.pdbqt,work/ensemble_docking/conf02_mode1_plus/BP1/BP1_DB03623_vina.log,0
BP1,MolPort-002-367-171,MolPort,Cc1c(C)c2ccc(O)cc2oc1=O,BP1_MolPort-002-367-171,conf02_mode1_plus,mode1,1,-7.327,-6.997,work/ensemble_docking/conf02_mode1_plus/BP1/BP1_MolPort-002-367-171_vina_out.pdbqt,work/ensemble_docking/conf02_mode1_plus/BP1/BP1_MolPort-002-367-171_vina.log,0
BP1,CHEMBL329500,ChEMBL23,O=c1cc(-c2ccccc2)oc2c1ccc1ccc(O)cc12,BP1_CHEMBL329500,conf02_mode1_plus,mode1,1,-7.27,-7.682,work/ensemble_docking/conf02_mode1_plus/BP1/BP1_CHEMBL329500_vina_out.pdbqt,work/ensemble_docking/conf02_mode1_plus/BP1/BP1_CHEMBL329500_vina.log,0
BP1,PEY,PDB ligand,c1ccc2c(c1)ccc1ccccc12,BP1_PEY,conf02_mode1_plus,mode1,1,-7.242,-7.342,work/ensemble_docking/conf02_mode1_plus/BP1/BP1_PEY_vina_out.pdbqt,work/ensemble_docking/conf02_mode1_plus/BP1/BP1_PEY_vina.log,0
BP1,HMDB34138,HMDB,O=c1oc2cc(O)ccc2c2oc3cc(O)cc(O)c3c12,BP1_HMDB34138,conf02_mode1_plus,mode1,1,-7.241,-7.255,work/ensemble_docking/conf02_mode1_plus/BP1/BP1_HMDB34138_vina_out.pdbqt,work/ensemble_docking/conf02_mode1_plus/BP1/BP1_HMDB34138_vina.log,0
BP1,19824,numeric library ID,CC1(C)c2ccccc2-c2nc3ccccc3cc2C1O,BP1_19824,conf02_mode1_plus,mode1,1,-7.229,-7.576,work/ensemble_docking/conf02_mode1_plus/BP1/BP1_19824_vina_out.pdbqt,work/ensemble_docking/conf02_mode1_plus/BP1/BP1_19824_vina.log,0
BP1,CHEMBL3409185,ChEMBL23,Oc1cc(-c2cc3ccccc3o2)c(Br)c(O)c1O,BP1_CHEMBL3409185,conf02_mode1_plus,mode1,1,-7.206,-7.02,work/ensemble_docking/conf02_mode1_plus/BP1/BP1_CHEMBL3409185_vina_out.pdbqt,work/ensemble_docking/conf02_mode1_plus/BP1/BP1_CHEMBL3409185_vina.log,0
BP1,HMDB32713,HMDB,Oc1ccc(-c2cc(O)cc(O)c2)cc1,BP1_HMDB32713,conf02_mode1_plus,mode1,1,-7.148,-6.791,work/ensemble_docking/conf02_mode1_plus/BP1/BP1_HMDB32713_vina_out.pdbqt,work/ensemble_docking/conf02_mode1_plus/BP1/BP1_HMDB32713_vina.log,0
BP1,HMDB59798,HMDB,Oc1ccc2c(ccc3ccccc32)c1,BP1_HMDB59798,conf02_mode1_plus,mode1,1,-7.118,-7.362,work/ensemble_docking/conf02_mode1_plus/BP1/BP1_HMDB59798_vina_out.pdbqt,work/ensemble_docking/conf02_mode1_plus/BP1/BP1_HMDB59798_vina.log,0
BP1,DB04641,DrugBank,O=C(O)c1cc2cc(O)ccc2cc1O,BP1_DB04641,conf02_mode1_plus,mode1,1,-7.11,-7.216,work/ensemble_docking/conf02_mode1_plus/BP1/BP1_DB04641_vina_out.pdbqt,work/ensemble_docking/conf02_mode1_plus/BP1/BP1_DB04641_vina.log,0
BP1,10510606;MolPort-006-318-916;ZINC000006117594,MolPort;ZINC15;numeric library ID,O=c1c2ccccc2oc2cc(O)cc(O)c12,BP1_10510606,conf02_mode1_plus,mode1,1,-7.092,-7.022,work/ensemble_docking/conf02_mode1_plus/BP1/BP1_10510606_vina_out.pdbqt,work/ensemble_docking/conf02_mode1_plus/BP1/BP1_10510606_vina.log,0
BP1,SCHEMBL15388250,SureChEMBL,Cc1ccc2c(=O)oc3cc(O)ccc3c2c1,BP1_SCHEMBL15388250,conf02_mode1_plus,mode1,1,-7.072,-7.213,work/ensemble_docking/conf02_mode1_plus/BP1/BP1_SCHEMBL15388250_vina_out.pdbqt,work/ensemble_docking/conf02_mode1_plus/BP1/BP1_SCHEMBL15388250_vina.log,0
BP1,LSM-3723,LINCS,O=C1c2ccccc2-c2cccc3cccc1c23,BP1_LSM-3723,conf02_mode1_plus,mode1,1,-7.064,-7.359,work/ensemble_docking/conf02_mode1_plus/BP1/BP1_LSM-3723_vina_out.pdbqt,work/ensemble_docking/conf02_mode1_plus/BP1/BP1_LSM-3723_vina.log,0
BP1,402797;MolPort-000-744-145;ZINC000000058126,MolPort;ZINC15;numeric library ID,Cc1cc(=O)oc2cc(O)cc(O)c12,BP1_402797,conf02_mode1_plus,mode1,1,-7.062,-6.672,work/ensemble_docking/conf02_mode1_plus/BP1/BP1_402797_vina_out.pdbqt,work/ensemble_docking/conf02_mode1_plus/BP1/BP1_402797_vina.log,0
BP1,HMDB59801,HMDB,Oc1cc2ccccc2c2ccccc12,BP1_HMDB59801,conf02_mode1_plus,mode1,1,-7.051,-7.151,work/ensemble_docking/conf02_mode1_plus/BP1/BP1_HMDB59801_vina_out.pdbqt,work/ensemble_docking/conf02_mode1_plus/BP1/BP1_HMDB59801_vina.log,0
BP1,151252,numeric library ID,O=C(O)c1cc2ccccc2c2cc(Br)ccc12,BP1_151252,conf02_mode1_plus,mode1,1,-7.043,-7.226,work/ensemble_docking/conf02_mode1_plus/BP1/BP1_151252_vina_out.pdbqt,work/ensemble_docking/conf02_mode1_plus/BP1/BP1_151252_vina.log,0
BP1,CHEMBL271516;MolPort-000-422-134,ChEMBL23;MolPort,O=c1cc(CCl)c2ccc(O)cc2o1,BP1_CHEMBL271516,conf02_mode1_plus,mode1,1,-7.036,-6.73,work/ensemble_docking/conf02_mode1_plus/BP1/BP1_CHEMBL271516_vina_out.pdbqt,work/ensemble_docking/conf02_mode1_plus/BP1/BP1_CHEMBL271516_vina.log,0
BP1,LSM-25905,LINCS,Cc1cc(O)nc2cc(O)ccc12,BP1_LSM-25905,conf02_mode1_plus,mode1,1,-7.024,-6.485,work/ensemble_docking/conf02_mode1_plus/BP1/BP1_LSM-25905_vina_out.pdbqt,work/ensemble_docking/conf02_mode1_plus/BP1/BP1_LSM-25905_vina.log,0
BP1,54870284,numeric library ID,COc1ccc2c(=O)oc3cc(O)ccc3c2c1,BP1_54870284,conf02_mode1_plus,mode1,1,-6.991,-6.974,work/ensemble_docking/conf02_mode1_plus/BP1/BP1_54870284_vina_out.pdbqt,work/ensemble_docking/conf02_mode1_plus/BP1/BP1_54870284_vina.log,0
BP1,LSM-32647,LINCS,CN(C)C(=O)c1c(-c2ccccc2)oc2ccc(O)cc12,BP1_LSM-32647,conf02_mode1_plus,mode1,1,-6.988,-6.714,work/ensemble_docking/conf02_mode1_plus/BP1/BP1_LSM-32647_vina_out.pdbqt,work/ensemble_docking/conf02_mode1_plus/BP1/BP1_LSM-32647_vina.log,0
BP1,LSM-33579,LINCS,O=C(NC1CCCC1)c1cc2c(ccc3ccccc32)o1,BP1_LSM-33579,conf02_mode1_plus,mode1,1,-6.986,-7.181,work/ensemble_docking/conf02_mode1_plus/BP1/BP1_LSM-33579_vina_out.pdbqt,work/ensemble_docking/conf02_mode1_plus/BP1/BP1_LSM-33579_vina.log,0
BP1,53845739;SCHEMBL13315779;ZINC000200389531,SureChEMBL;ZINC15;numeric library ID,C#Cc1cc(=O)oc2ccccc12,BP1_53845739,conf02_mode1_plus,mode1,1,-6.98,-6.481,work/ensemble_docking/conf02_mode1_plus/BP1/BP1_53845739_vina_out.pdbqt,work/ensemble_docking/conf02_mode1_plus/BP1/BP1_53845739_vina.log,0
BP1,1401;4MU;529222;760397;DB07118;HMDB59622;LSM-3025,DrugBank;HMDB;LINCS;PDB ligand;numeric library ID,Cc1cc(=O)oc2cc(O)ccc12,BP1_1401,conf02_mode1_plus,mode1,1,-6.967,-6.748,work/ensemble_docking/conf02_mode1_plus/BP1/BP1_1401_vina_out.pdbqt,work/ensemble_docking/conf02_mode1_plus/BP1/BP1_1401_vina.log,0
BP1,4417258,numeric library ID,Cc1ccc(C(c2c(O)c3ccccc3oc2=O)c2c(O)c3ccccc3oc2=O)cc1,BP1_4417258,conf02_mode1_plus,mode1,1,-6.954,-7.452,work/ensemble_docking/conf02_mode1_plus/BP1/BP1_4417258_vina_out.pdbqt,work/ensemble_docking/conf02_mode1_plus/BP1/BP1_4417258_vina.log,0
BP1,62129,numeric library ID,Oc1ccc2c(ccc3nc[nH]c32)c1,BP1_62129,conf02_mode1_plus,mode1,1,-6.945,-6.996,work/ensemble_docking/conf02_mode1_plus/BP1/BP1_62129_vina_out.pdbqt,work/ensemble_docking/conf02_mode1_plus/BP1/BP1_62129_vina.log,0
BP1,MolPort-000-499-561,MolPort,O=C(O)c1cc(=O)c2ccccc2o1,BP1_MolPort-000-499-561,conf02_mode1_plus,mode1,1,-6.931,-6.849,work/ensemble_docking/conf02_mode1_plus/BP1/BP1_MolPort-000-499-561_vina_out.pdbqt,work/ensemble_docking/conf02_mode1_plus/BP1/BP1_MolPort-000-499-561_vina.log,0
BP1,DB00776,DrugBank,NC(=O)N1c2ccccc2CC(=O)c2ccccc21,BP1_DB00776,conf02_mode1_plus,mode1,1,-6.883,-7.491,work/ensemble_docking/conf02_mode1_plus/BP1/BP1_DB00776_vina_out.pdbqt,work/ensemble_docking/conf02_mode1_plus/BP1/BP1_DB00776_vina.log,0
BP1,29698120;SCHEMBL2761833;ZINC000044672070,SureChEMBL;ZINC15;numeric library ID,O=c1cc(O)c2ccc(F)cc2o1,BP1_29698120,conf02_mode1_plus,mode1,1,-6.856,-6.588,work/ensemble_docking/conf02_mode1_plus/BP1/BP1_29698120_vina_out.pdbqt,work/ensemble_docking/conf02_mode1_plus/BP1/BP1_29698120_vina.log,0
BP1,CHEMBL32810;MolPort-002-043-397;SCHEMBL11848480,ChEMBL23;MolPort;SureChEMBL,O=c1cc(O)c2ccc(O)cc2o1,BP1_CHEMBL32810,conf02_mode1_plus,mode1,1,-6.759,-6.357,work/ensemble_docking/conf02_mode1_plus/BP1/BP1_CHEMBL32810_vina_out.pdbqt,work/ensemble_docking/conf02_mode1_plus/BP1/BP1_CHEMBL32810_vina.log,0
BP1,5426,numeric library ID,Cc1c2cc(O)c(=O)cc-2oc2cc(O)c(O)cc12,BP1_5426,conf02_mode1_plus,mode1,1,-6.757,-6.885,work/ensemble_docking/conf02_mode1_plus/BP1/BP1_5426_vina_out.pdbqt,work/ensemble_docking/conf02_mode1_plus/BP1/BP1_5426_vina.log,0
BP1,DB00170,DrugBank,CC1=CC(=O)c2ccccc2C1=O,BP1_DB00170,conf02_mode1_plus,mode1,1,-6.575,-6.28,work/ensemble_docking/conf02_mode1_plus/BP1/BP1_DB00170_vina_out.pdbqt,work/ensemble_docking/conf02_mode1_plus/BP1/BP1_DB00170_vina.log,0
BP1,SCHEMBL9642273,SureChEMBL,O=c1[cH-]c(=O)c2ccccc2o1,BP1_SCHEMBL9642273,conf02_mode1_plus,mode1,1,-6.514,-6.194,work/ensemble_docking/conf02_mode1_plus/BP1/BP1_SCHEMBL9642273_vina_out.pdbqt,work/ensemble_docking/conf02_mode1_plus/BP1/BP1_SCHEMBL9642273_vina.log,0
BP1,DB04840,DrugBank,N=C(N)N1CCc2ccccc2C1,BP1_DB04840,conf02_mode1_plus,mode1,1,-6.513,-6.276,work/ensemble_docking/conf02_mode1_plus/BP1/BP1_DB04840_vina_out.pdbqt,work/ensemble_docking/conf02_mode1_plus/BP1/BP1_DB04840_vina.log,0
BP1,DB00972,DrugBank,CN1CCCC(n2nc(Cc3ccc(Cl)cc3)c3ccccc3c2=O)CC1,BP1_DB00972,conf02_mode1_plus,mode1,1,-6.318,-7.138,work/ensemble_docking/conf02_mode1_plus/BP1/BP1_DB00972_vina_out.pdbqt,work/ensemble_docking/conf02_mode1_plus/BP1/BP1_DB00972_vina.log,0
BP2,746361,numeric library ID,Oc1cc(-c2nc3ccccc3o2)c(O)cc1-c1nc2ccccc2o1,BP2_746361,conf02_mode1_plus,mode1,1,-9.116,-9.638,work/ensemble_docking/conf02_mode1_plus/BP2/BP2_746361_vina_out.pdbqt,work/ensemble_docking/conf02_mode1_plus/BP2/BP2_746361_vina.log,0
BP2,3543,numeric library ID,Cc1ccccc1N=Nc1ccc(N=Nc2c(O)ccc3ccccc23)c(C)c1,BP2_3543,conf02_mode1_plus,mode1,1,-9.093,-8.454,work/ensemble_docking/conf02_mode1_plus/BP2/BP2_3543_vina_out.pdbqt,work/ensemble_docking/conf02_mode1_plus/BP2/BP2_3543_vina.log,0
BP2,118810,numeric library ID,Cc1cc(=O)oc2cc(O)cc(OCc3ccccc3)c12,BP2_118810,conf02_mode1_plus,mode1,1,-8.495,-8.824,work/ensemble_docking/conf02_mode1_plus/BP2/BP2_118810_vina_out.pdbqt,work/ensemble_docking/conf02_mode1_plus/BP2/BP2_118810_vina.log,0
BP2,50651,numeric library ID,O=C(Nc1ccc(Cl)cc1)c1cc2c(cc1O)[nH]c1ccccc12,BP2_50651,conf02_mode1_plus,mode1,1,-8.307,-8.895,work/ensemble_docking/conf02_mode1_plus/BP2/BP2_50651_vina_out.pdbqt,work/ensemble_docking/conf02_mode1_plus/BP2/BP2_50651_vina.log,0
BP2,MolPort-002-321-924,MolPort,O=C(NNC(=O)c1c(O)c2ccccc2oc1=O)c1c(O)c2ccccc2oc1=O,BP2_MolPort-002-321-924,conf02_mode1_plus,mode1,1,-8.303,-8.972,work/ensemble_docking/conf02_mode1_plus/BP2/BP2_MolPort-002-321-924_vina_out.pdbqt,work/ensemble_docking/conf02_mode1_plus/BP2/BP2_MolPort-002-321-924_vina.log,0
BP2,686393;CHEMBL392451,ChEMBL23;numeric library ID,O=c1oc2ccccc2c(O)c1C(c1cccc(C(c2c(O)c3ccccc3oc2=O)c2c(O)c3ccccc3oc2=O)c1)c1c(O)c2ccccc2oc1=O,BP2_686393,conf02_mode1_plus,mode1,1,-8.211,-9.14,work/ensemble_docking/conf02_mode1_plus/BP2/BP2_686393_vina_out.pdbqt,work/ensemble_docking/conf02_mode1_plus/BP2/BP2_686393_vina.log,0
BP2,CHEMBL1364708;MolPort-003-378-434,ChEMBL23;MolPort,O=c1cc(-c2cc3ccccc3o2)c2cc(O)ccc2o1,BP2_CHEMBL1364708,conf02_mode1_plus,mode1,1,-8.175,-8.326,work/ensemble_docking/conf02_mode1_plus/BP2/BP2_CHEMBL1364708_vina_out.pdbqt,work/ensemble_docking/conf02_mode1_plus/BP2/BP2_CHEMBL1364708_vina.log,0
BP2,4368550;CHEMBL1801014;ZINC000000057885,ChEMBL23;ZINC15;numeric library ID,O=c1cc(-c2cccc(O)c2)oc2c1ccc1ccccc12,BP2_4368550,conf02_mode1_plus,mode1,1,-8.141,-9.549,work/ensemble_docking/conf02_mode1_plus/BP2/BP2_4368550_vina_out.pdbqt,work/ensemble_docking/conf02_mode1_plus/BP2/BP2_4368550_vina.log,0
BP2,7524,numeric library ID,COc1ccc(C(=O)O[C@H]2CC[C@@]3(C)[C@@H]4CC[C@H]5[C@]6(O)C[C@H](O)[C@@]7(O)[C@@H](CN8C[C@@H](C)CC[C@H]8[C@@]7(C)O)[C@]6(O)C[C@@]53O[C@@]24O)cc1OC,BP2_7524,conf02_mode1_plus,mode1,1,-8.124,-9.459,work/ensemble_docking/conf02_mode1_plus/BP2/BP2_7524_vina_out.pdbqt,work/ensemble_docking/conf02_mode1_plus/BP2/BP2_7524_vina.log,0
BP2,656562,numeric library ID,O=c1oc2cc3ccccc3cc2c2c1ccc1ccccc12,BP2_656562,conf02_mode1_plus,mode1,1,-8.08,-9.068,work/ensemble_docking/conf02_mode1_plus/BP2/BP2_656562_vina_out.pdbqt,work/ensemble_docking/conf02_mode1_plus/BP2/BP2_656562_vina.log,0
BP2,DB06595,DrugBank,CO[C@@H]1[C@H](N(C)C(=O)c2ccccc2)C[C@H]2O[C@]1(C)n1c3ccccc3c3c4c(c5c6ccccc6n2c5c31)C(=O)NC4,BP2_DB06595,conf02_mode1_plus,mode1,1,-7.953,-8.952,work/ensemble_docking/conf02_mode1_plus/BP2/BP2_DB06595_vina_out.pdbqt,work/ensemble_docking/conf02_mode1_plus/BP2/BP2_DB06595_vina.log,0
BP2,HMDB30796;LSM-36988;MRI,HMDB;LINCS;PDB ligand,O=c1c(O)c(-c2ccc(O)cc2O)oc2cc(O)cc(O)c12,BP2_HMDB30796,conf02_mode1_plus,mode1,1,-7.943,-8.148,work/ensemble_docking/conf02_mode1_plus/BP2/BP2_HMDB30796_vina_out.pdbqt,work/ensemble_docking/conf02_mode1_plus/BP2/BP2_HMDB30796_vina.log,0
BP2,71881,numeric library ID,O=C(Nc1ccc2ncccc2c1)Nc1ccc2ncccc2c1,BP2_71881,conf02_mode1_plus,mode1,1,-7.856,-9.551,work/ensemble_docking/conf02_mode1_plus/BP2/BP2_71881_vina_out.pdbqt,work/ensemble_docking/conf02_mode1_plus/BP2/BP2_71881_vina.log,0
BP2,338;DB07009,DrugBank;PDB ligand,Oc1ccc2nc(-c3cccc4c(O)cccc34)oc2c1,BP2_338,conf02_mode1_plus,mode1,1,-7.843,-8.406,work/ensemble_docking/conf02_mode1_plus/BP2/BP2_338_vina_out.pdbqt,work/ensemble_docking/conf02_mode1_plus/BP2/BP2_338_vina.log,0
BP2,HMDB30821,HMDB,O=c1ccc2cc(O)c(OC3OC(CO)C(O)C(O)C3O)cc2o1,BP2_HMDB30821,conf02_mode1_plus,mode1,1,-7.718,-8.304,work/ensemble_docking/conf02_mode1_plus/BP2/BP2_HMDB30821_vina_out.pdbqt,work/ensemble_docking/conf02_mode1_plus/BP2/BP2_HMDB30821_vina.log,0
BP2,13974,numeric library ID,Nc1ccc(N=Nc2ccccc2)c2ccccc12,BP2_13974,conf02_mode1_plus,mode1,1,-7.699,-8.243,work/ensemble_docking/conf02_mode1_plus/BP2/BP2_13974_vina_out.pdbqt,work/ensemble_docking/conf02_mode1_plus/BP2/BP2_13974_vina.log,0
BP2,HMDB38956,HMDB,O=c1oc(C=CC=Cc2ccc(O)cc2)nc2ccccc12,BP2_HMDB38956,conf02_mode1_plus,mode1,1,-7.636,-8.608,work/ensemble_docking/conf02_mode1_plus/BP2/BP2_HMDB38956_vina_out.pdbqt,work/ensemble_docking/conf02_mode1_plus/BP2/BP2_HMDB38956_vina.log,0
BP2,96541,numeric library ID,N#CC1C=Cc2c(ccc3ccccc23)N1C(=O)c1ccccc1,BP2_96541,conf02_mode1_plus,mode1,1,-7.635,-7.944,work/ensemble_docking/conf02_mode1_plus/BP2/BP2_96541_vina_out.pdbqt,work/ensemble_docking/conf02_mode1_plus/BP2/BP2_96541_vina.log,0
BP2,85Z,PDB ligand,Cc1cc(F)ccc1-c1c(Cc2ccc(/C=C/C(=O)O)cc2)c2ccc(O)cc2oc1=O,BP2_85Z,conf02_mode1_plus,mode1,1,-7.594,-9.663,work/ensemble_docking/conf02_mode1_plus/BP2/BP2_85Z_vina_out.pdbqt,work/ensemble_docking/conf02_mode1_plus/BP2/BP2_85Z_vina.log,0
BP2,CHEMBL2262363,ChEMBL23,O=c1oc2ccccc2c(O)c1-c1cccc(-c2c(O)c3ccccc3oc2=O)c1,BP2_CHEMBL2262363,conf02_mode1_plus,mode1,1,-7.581,-9.205,work/ensemble_docking/conf02_mode1_plus/BP2/BP2_CHEMBL2262363_vina_out.pdbqt,work/ensemble_docking/conf02_mode1_plus/BP2/BP2_CHEMBL2262363_vina.log,0
BP2,DB07236,DrugBank,Oc1ccc2cc(-c3noc4cc(O)ccc34)ccc2c1,BP2_DB07236,conf02_mode1_plus,mode1,1,-7.533,-8.826,work/ensemble_docking/conf02_mode1_plus/BP2/BP2_DB07236_vina_out.pdbqt,work/ensemble_docking/conf02_mode1_plus/BP2/BP2_DB07236_vina.log,0
BP2,LSM-27001,LINCS,O=c1oc2cc(OCc3ccc([N+](=O)[O-])cc3)ccc2c2c1CCCC2,BP2_LSM-27001,conf02_mode1_plus,mode1,1,-7.532,-8.703,work/ensemble_docking/conf02_mode1_plus/BP2/BP2_LSM-27001_vina_out.pdbqt,work/ensemble_docking/conf02_mode1_plus/BP2/BP2_LSM-27001_vina.log,0
BP2,317,PDB ligand,CCc1oc2ccccc2c1C(=O)c1ccc(O)cc1,BP2_317,conf02_mode1_plus,mode1,1,-7.497,-8.616,work/ensemble_docking/conf02_mode1_plus/BP2/BP2_317_vina_out.pdbqt,work/ensemble_docking/conf02_mode1_plus/BP2/BP2_317_vina.log,0
BP2,HMDB29534,HMDB,CC(=O)c1c(O)ccc2c(=O)c(-c3ccccc3)c(C)oc12,BP2_HMDB29534,conf02_mode1_plus,mode1,1,-7.487,-7.709,work/ensemble_docking/conf02_mode1_plus/BP2/BP2_HMDB29534_vina_out.pdbqt,work/ensemble_docking/conf02_mode1_plus/BP2/BP2_HMDB29534_vina.log,0
BP2,DB08820,DrugBank,CC(C)(C)c1cc(C(C)(C)C)c(NC(=O)c2c[nH]c3ccccc3c2=O)cc1O,BP2_DB08820,conf02_mode1_plus,mode1,1,-7.456,-8.789,work/ensemble_docking/conf02_mode1_plus/BP2/BP2_DB08820_vina_out.pdbqt,work/ensemble_docking/conf02_mode1_plus/BP2/BP2_DB08820_vina.log,0
BP2,DB04750,DrugBank,O=C(O)c1ccc(-c2c3cc(F)c(=O)cc-3oc3cc(O)c(F)cc23)c(C(=O)O)c1,BP2_DB04750,conf02_mode1_plus,mode1,1,-7.429,-8.63,work/ensemble_docking/conf02_mode1_plus/BP2/BP2_DB04750_vina_out.pdbqt,work/ensemble_docking/conf02_mode1_plus/BP2/BP2_DB04750_vina.log,0
BP2,1842204;MolPort-002-113-300;ZINC000000296657,MolPort;ZINC15;numeric library ID,O=C(Oc1cc(=O)oc2ccccc12)c1ccccc1,BP2_1842204,conf02_mode1_plus,mode1,1,-7.367,-8.427,work/ensemble_docking/conf02_mode1_plus/BP2/BP2_1842204_vina_out.pdbqt,work/ensemble_docking/conf02_mode1_plus/BP2/BP2_1842204_vina.log,0
BP2,DB01852;LSM-5304,DrugBank;LINCS,O=c1c(O)c(-c2ccc(O)cc2)oc2cc(O)cc(O)c12,BP2_DB01852,conf02_mode1_plus,mode1,1,-7.312,-7.733,work/ensemble_docking/conf02_mode1_plus/BP2/BP2_DB01852_vina_out.pdbqt,work/ensemble_docking/conf02_mode1_plus/BP2/BP2_DB01852_vina.log,0
BP2,HMDB29219,HMDB,O=c1oc2c(O)c(O)ccc2c2cc(O)c(O)cc12,BP2_HMDB29219,conf02_mode1_plus,mode1,1,-7.247,-7.707,work/ensemble_docking/conf02_mode1_plus/BP2/BP2_HMDB29219_vina_out.pdbqt,work/ensemble_docking/conf02_mode1_plus/BP2/BP2_HMDB29219_vina.log,0
BP2,SCHEMBL11830680,SureChEMBL,O=c1cc(O)c2cc(Cc3ccccc3)ccc2o1,BP2_SCHEMBL11830680,conf02_mode1_plus,mode1,1,-7.191,-8.141,work/ensemble_docking/conf02_mode1_plus/BP2/BP2_SCHEMBL11830680_vina_out.pdbqt,work/ensemble_docking/conf02_mode1_plus/BP2/BP2_SCHEMBL11830680_vina.log,0
BP2,17055,numeric library ID,CC(=O)Oc1ccc2cc(-c3ccccc3)c(=O)oc2c1,BP2_17055,conf02_mode1_plus,mode1,1,-7.183,-7.804,work/ensemble_docking/conf02_mode1_plus/BP2/BP2_17055_vina_out.pdbqt,work/ensemble_docking/conf02_mode1_plus/BP2/BP2_17055_vina.log,0
BP2,CHEMBL374372,ChEMBL23,O=c1cc(/C=C/c2ccc(O)c(O)c2)oc2ccccc12,BP2_CHEMBL374372,conf02_mode1_plus,mode1,1,-7.174,-8.392,work/ensemble_docking/conf02_mode1_plus/BP2/BP2_CHEMBL374372_vina_out.pdbqt,work/ensemble_docking/conf02_mode1_plus/BP2/BP2_CHEMBL374372_vina.log,0
BP2,LSM-36455,LINCS,O=c1oc2c(O)c(O)cc3c(=O)oc4c(O)c(O)cc1c4c23,BP2_LSM-36455,conf02_mode1_plus,mode1,1,-7.102,-8.565,work/ensemble_docking/conf02_mode1_plus/BP2/BP2_LSM-36455_vina_out.pdbqt,work/ensemble_docking/conf02_mode1_plus/BP2/BP2_LSM-36455_vina.log,0
BP2,2357873;MolPort-002-153-633;ZINC000002897678,MolPort;ZINC15;numeric library ID,O=c1cc(O)c2c(=O)oc3ccccc3c2o1,BP2_2357873,conf02_mode1_plus,mode1,1,-7.02,-7.875,work/ensemble_docking/conf02_mode1_plus/BP2/BP2_2357873_vina_out.pdbqt,work/ensemble_docking/conf02_mode1_plus/BP2/BP2_2357873_vina.log,0
BP2,2035856,numeric library ID,O=c1cc(Oc2cc(=O)oc3ccccc23)c2ccccc2o1,BP2_2035856,conf02_mode1_plus,mode1,1,-7.005,-8.596,work/ensemble_docking/conf02_mode1_plus/BP2/BP2_2035856_vina_out.pdbqt,work/ensemble_docking/conf02_mode1_plus/BP2/BP2_2035856_vina.log,0
BP2,CHEMBL3094027,ChEMBL23,O=c1cc(O)c2ccc(OCc3cccc(F)c3)cc2o1,BP2_CHEMBL3094027,conf02_mode1_plus,mode1,1,-6.968,-8.266,work/ensemble_docking/conf02_mode1_plus/BP2/BP2_CHEMBL3094027_vina_out.pdbqt,work/ensemble_docking/conf02_mode1_plus/BP2/BP2_CHEMBL3094027_vina.log,0
BP2,2608,numeric library ID,O=c1cc2oc3cc(O)c(O)cc3c(-c3ccccc3)c-2cc1O,BP2_2608,conf02_mode1_plus,mode1,1,-6.961,-8.819,work/ensemble_docking/conf02_mode1_plus/BP2/BP2_2608_vina_out.pdbqt,work/ensemble_docking/conf02_mode1_plus/BP2/BP2_2608_vina.log,0
BP2,HMDB29518,HMDB,CC(=O)c1ccc2oc(=O)cc(C)c2c1O,BP2_HMDB29518,conf02_mode1_plus,mode1,1,-6.957,-7.085,work/ensemble_docking/conf02_mode1_plus/BP2/BP2_HMDB29518_vina_out.pdbqt,work/ensemble_docking/conf02_mode1_plus/BP2/BP2_HMDB29518_vina.log,0
BP2,1477,numeric library ID,CC(C)Oc1ccc2c(=O)c(-c3ccccc3)coc2c1,BP2_1477,conf02_mode1_plus,mode1,1,-6.953,-8.089,work/ensemble_docking/conf02_mode1_plus/BP2/BP2_1477_vina_out.pdbqt,work/ensemble_docking/conf02_mode1_plus/BP2/BP2_1477_vina.log,0
BP2,LSM-17202,LINCS,O=c1cc(CN2CCOCC2)c2cc(Cl)c(O)cc2o1,BP2_LSM-17202,conf02_mode1_plus,mode1,1,-6.917,-7.206,work/ensemble_docking/conf02_mode1_plus/BP2/BP2_LSM-17202_vina_out.pdbqt,work/ensemble_docking/conf02_mode1_plus/BP2/BP2_LSM-17202_vina.log,0
BP2,DB08100,DrugBank,Cc1cc(/C=C/c2ccccc2)cc(C)c1O,BP2_DB08100,conf02_mode1_plus,mode1,1,-6.88,-7.974,work/ensemble_docking/conf02_mode1_plus/BP2/BP2_DB08100_vina_out.pdbqt,work/ensemble_docking/conf02_mode1_plus/BP2/BP2_DB08100_vina.log,0
BP2,380712;50005460;MolPort-035-673-217;SCHEMBL2761855;ZINC000006576436,MolPort;SureChEMBL;ZINC15;numeric library ID,O=c1cc(O)c2ccc3ccccc3c2o1,BP2_380712,conf02_mode1_plus,mode1,1,-6.86,-7.751,work/ensemble_docking/conf02_mode1_plus/BP2/BP2_380712_vina_out.pdbqt,work/ensemble_docking/conf02_mode1_plus/BP2/BP2_380712_vina.log,0
BP2,32838,numeric library ID,O=C1NC(=O)C2(CCc3ccccc32)N1,BP2_32838,conf02_mode1_plus,mode1,1,-6.786,-7.617,work/ensemble_docking/conf02_mode1_plus/BP2/BP2_32838_vina_out.pdbqt,work/ensemble_docking/conf02_mode1_plus/BP2/BP2_32838_vina.log,0
BP2,XZZ,PDB ligand,Cc1cc(=O)oc2cc(O)c(Cl)cc12,BP2_XZZ,conf02_mode1_plus,mode1,1,-6.748,-6.958,work/ensemble_docking/conf02_mode1_plus/BP2/BP2_XZZ_vina_out.pdbqt,work/ensemble_docking/conf02_mode1_plus/BP2/BP2_XZZ_vina.log,0
BP2,CHEMBL227815,ChEMBL23,O=C1C(O)=Cc2cccc3cccc1c23,BP2_CHEMBL227815,conf02_mode1_plus,mode1,1,-6.711,-7.405,work/ensemble_docking/conf02_mode1_plus/BP2/BP2_CHEMBL227815_vina_out.pdbqt,work/ensemble_docking/conf02_mode1_plus/BP2/BP2_CHEMBL227815_vina.log,0
BP2,SCHEMBL8945680,SureChEMBL,O=c1cc(O)c2cc(-c3ccccc3)ccc2o1,BP2_SCHEMBL8945680,conf02_mode1_plus,mode1,1,-6.711,-7.755,work/ensemble_docking/conf02_mode1_plus/BP2/BP2_SCHEMBL8945680_vina_out.pdbqt,work/ensemble_docking/conf02_mode1_plus/BP2/BP2_SCHEMBL8945680_vina.log,0
BP2,764465,numeric library ID,Cc1cc(=O)oc2cc(O)c(N)cc12,BP2_764465,conf02_mode1_plus,mode1,1,-6.684,-6.972,work/ensemble_docking/conf02_mode1_plus/BP2/BP2_764465_vina_out.pdbqt,work/ensemble_docking/conf02_mode1_plus/BP2/BP2_764465_vina.log,0
BP2,DB09096,DrugBank,O=C(OOC(=O)c1ccccc1)c1ccccc1,BP2_DB09096,conf02_mode1_plus,mode1,1,-6.587,-7.794,work/ensemble_docking/conf02_mode1_plus/BP2/BP2_DB09096_vina_out.pdbqt,work/ensemble_docking/conf02_mode1_plus/BP2/BP2_DB09096_vina.log,0
BP2,DB00794,DrugBank,CCC1(c2ccccc2)C(=O)NCNC1=O,BP2_DB00794,conf02_mode1_plus,mode1,1,-6.541,-6.897,work/ensemble_docking/conf02_mode1_plus/BP2/BP2_DB00794_vina_out.pdbqt,work/ensemble_docking/conf02_mode1_plus/BP2/BP2_DB00794_vina.log,0
BP2,3WL,PDB ligand,O=c1cc(-c2ccccc2)oc2cc(O)c(O)c(O)c12,BP2_3WL,conf02_mode1_plus,mode1,1,-6.505,-7.856,work/ensemble_docking/conf02_mode1_plus/BP2/BP2_3WL_vina_out.pdbqt,work/ensemble_docking/conf02_mode1_plus/BP2/BP2_3WL_vina.log,0
BP2,529222;CHEMBL12208;MolPort-000-467-367;ZINC000000058121,ChEMBL23;MolPort;ZINC15;numeric library ID,Cc1cc(=O)oc2cc(O)ccc12,BP2_529222,conf02_mode1_plus,mode1,1,-6.453,-6.693,work/ensemble_docking/conf02_mode1_plus/BP2/BP2_529222_vina_out.pdbqt,work/ensemble_docking/conf02_mode1_plus/BP2/BP2_529222_vina.log,0
BP2,SCHEMBL11848480,SureChEMBL,O=c1cc(O)c2ccc(O)cc2o1,BP2_SCHEMBL11848480,conf02_mode1_plus,mode1,1,-6.134,-6.395,work/ensemble_docking/conf02_mode1_plus/BP2/BP2_SCHEMBL11848480_vina_out.pdbqt,work/ensemble_docking/conf02_mode1_plus/BP2/BP2_SCHEMBL11848480_vina.log,0
BP2,SCHEMBL1366927,SureChEMBL,O=c1ccc2cccc(O)c2o1,BP2_SCHEMBL1366927,conf02_mode1_plus,mode1,1,-5.969,-6.474,work/ensemble_docking/conf02_mode1_plus/BP2/BP2_SCHEMBL1366927_vina_out.pdbqt,work/ensemble_docking/conf02_mode1_plus/BP2/BP2_SCHEMBL1366927_vina.log,0
BP1,251157;ZINC000103969950,ZINC15;numeric library ID,Cc1c(O)c2ccc3ccccc3c2oc1=O,BP1_251157,conf03_mode2_minus,mode2,-1,-7.396,-7.21,work/ensemble_docking/conf03_mode2_minus/BP1/BP1_251157_vina_out.pdbqt,work/ensemble_docking/conf03_mode2_minus/BP1/BP1_251157_vina.log,0
BP1,CHEMBL1929523,ChEMBL23,O=c1ccc2c(ccc3oc4ccccc4c32)o1,BP1_CHEMBL1929523,conf03_mode2_minus,mode2,-1,-7.388,-7.347,work/ensemble_docking/conf03_mode2_minus/BP1/BP1_CHEMBL1929523_vina_out.pdbqt,work/ensemble_docking/conf03_mode2_minus/BP1/BP1_CHEMBL1929523_vina.log,0
BP1,CHEMBL3306562,ChEMBL23,N#Cc1c(O)c2cc3ccccc3cc2oc1=O,BP1_CHEMBL3306562,conf03_mode2_minus,mode2,-1,-7.338,-6.774,work/ensemble_docking/conf03_mode2_minus/BP1/BP1_CHEMBL3306562_vina_out.pdbqt,work/ensemble_docking/conf03_mode2_minus/BP1/BP1_CHEMBL3306562_vina.log,0
BP1,DB03623,DrugBank,Oc1ccc(-c2cnc3ccc4ccncc4c3c2)cc1,BP1_DB03623,conf03_mode2_minus,mode2,-1,-7.328,-7.586,work/ensemble_docking/conf03_mode2_minus/BP1/BP1_DB03623_vina_out.pdbqt,work/ensemble_docking/conf03_mode2_minus/BP1/BP1_DB03623_vina.log,0
BP1,MolPort-002-367-171,MolPort,Cc1c(C)c2ccc(O)cc2oc1=O,BP1_MolPort-002-367-171,conf03_mode2_minus,mode2,-1,-7.327,-7.012,work/ensemble_docking/conf03_mode2_minus/BP1/BP1_MolPort-002-367-171_vina_out.pdbqt,work/ensemble_docking/conf03_mode2_minus/BP1/BP1_MolPort-002-367-171_vina.log,0
BP1,CHEMBL329500,ChEMBL23,O=c1cc(-c2ccccc2)oc2c1ccc1ccc(O)cc12,BP1_CHEMBL329500,conf03_mode2_minus,mode2,-1,-7.27,-7.782,work/ensemble_docking/conf03_mode2_minus/BP1/BP1_CHEMBL329500_vina_out.pdbqt,work/ensemble_docking/conf03_mode2_minus/BP1/BP1_CHEMBL329500_vina.log,0
BP1,PEY,PDB ligand,c1ccc2c(c1)ccc1ccccc12,BP1_PEY,conf03_mode2_minus,mode2,-1,-7.242,-7.437,work/ensemble_docking/conf03_mode2_minus/BP1/BP1_PEY_vina_out.pdbqt,work/ensemble_docking/conf03_mode2_minus/BP1/BP1_PEY_vina.log,0
BP1,HMDB34138,HMDB,O=c1oc2cc(O)ccc2c2oc3cc(O)cc(O)c3c12,BP1_HMDB34138,conf03_mode2_minus,mode2,-1,-7.241,-7.284,work/ensemble_docking/conf03_mode2_minus/BP1/BP1_HMDB34138_vina_out.pdbqt,work/ensemble_docking/conf03_mode2_minus/BP1/BP1_HMDB34138_vina.log,0
BP1,19824,numeric library ID,CC1(C)c2ccccc2-c2nc3ccccc3cc2C1O,BP1_19824,conf03_mode2_minus,mode2,-1,-7.229,-7.57,work/ensemble_docking/conf03_mode2_minus/BP1/BP1_19824_vina_out.pdbqt,work/ensemble_docking/conf03_mode2_minus/BP1/BP1_19824_vina.log,0
BP1,CHEMBL3409185,ChEMBL23,Oc1cc(-c2cc3ccccc3o2)c(Br)c(O)c1O,BP1_CHEMBL3409185,conf03_mode2_minus,mode2,-1,-7.206,-6.949,work/ensemble_docking/conf03_mode2_minus/BP1/BP1_CHEMBL3409185_vina_out.pdbqt,work/ensemble_docking/conf03_mode2_minus/BP1/BP1_CHEMBL3409185_vina.log,0
BP1,HMDB32713,HMDB,Oc1ccc(-c2cc(O)cc(O)c2)cc1,BP1_HMDB32713,conf03_mode2_minus,mode2,-1,-7.148,-6.625,work/ensemble_docking/conf03_mode2_minus/BP1/BP1_HMDB32713_vina_out.pdbqt,work/ensemble_docking/conf03_mode2_minus/BP1/BP1_HMDB32713_vina.log,0
BP1,HMDB59798,HMDB,Oc1ccc2c(ccc3ccccc32)c1,BP1_HMDB59798,conf03_mode2_minus,mode2,-1,-7.118,-7.424,work/ensemble_docking/conf03_mode2_minus/BP1/BP1_HMDB59798_vina_out.pdbqt,work/ensemble_docking/conf03_mode2_minus/BP1/BP1_HMDB59798_vina.log,0
BP1,DB04641,DrugBank,O=C(O)c1cc2cc(O)ccc2cc1O,BP1_DB04641,conf03_mode2_minus,mode2,-1,-7.11,-7.173,work/ensemble_docking/conf03_mode2_minus/BP1/BP1_DB04641_vina_out.pdbqt,work/ensemble_docking/conf03_mode2_minus/BP1/BP1_DB04641_vina.log,0
BP1,10510606;MolPort-006-318-916;ZINC000006117594,MolPort;ZINC15;numeric library ID,O=c1c2ccccc2oc2cc(O)cc(O)c12,BP1_10510606,conf03_mode2_minus,mode2,-1,-7.092,-7.018,work/ensemble_docking/conf03_mode2_minus/BP1/BP1_10510606_vina_out.pdbqt,work/ensemble_docking/conf03_mode2_minus/BP1/BP1_10510606_vina.log,0
BP1,SCHEMBL15388250,SureChEMBL,Cc1ccc2c(=O)oc3cc(O)ccc3c2c1,BP1_SCHEMBL15388250,conf03_mode2_minus,mode2,-1,-7.072,-7.383,work/ensemble_docking/conf03_mode2_minus/BP1/BP1_SCHEMBL15388250_vina_out.pdbqt,work/ensemble_docking/conf03_mode2_minus/BP1/BP1_SCHEMBL15388250_vina.log,0
BP1,LSM-3723,LINCS,O=C1c2ccccc2-c2cccc3cccc1c23,BP1_LSM-3723,conf03_mode2_minus,mode2,-1,-7.064,-7.292,work/ensemble_docking/conf03_mode2_minus/BP1/BP1_LSM-3723_vina_out.pdbqt,work/ensemble_docking/conf03_mode2_minus/BP1/BP1_LSM-3723_vina.log,0
BP1,402797;MolPort-000-744-145;ZINC000000058126,MolPort;ZINC15;numeric library ID,Cc1cc(=O)oc2cc(O)cc(O)c12,BP1_402797,conf03_mode2_minus,mode2,-1,-7.062,-6.705,work/ensemble_docking/conf03_mode2_minus/BP1/BP1_402797_vina_out.pdbqt,work/ensemble_docking/conf03_mode2_minus/BP1/BP1_402797_vina.log,0
BP1,HMDB59801,HMDB,Oc1cc2ccccc2c2ccccc12,BP1_HMDB59801,conf03_mode2_minus,mode2,-1,-7.051,-7.242,work/ensemble_docking/conf03_mode2_minus/BP1/BP1_HMDB59801_vina_out.pdbqt,work/ensemble_docking/conf03_mode2_minus/BP1/BP1_HMDB59801_vina.log,0
BP1,151252,numeric library ID,O=C(O)c1cc2ccccc2c2cc(Br)ccc12,BP1_151252,conf03_mode2_minus,mode2,-1,-7.043,-7.738,work/ensemble_docking/conf03_mode2_minus/BP1/BP1_151252_vina_out.pdbqt,work/ensemble_docking/conf03_mode2_minus/BP1/BP1_151252_vina.log,0
BP1,CHEMBL271516;MolPort-000-422-134,ChEMBL23;MolPort,O=c1cc(CCl)c2ccc(O)cc2o1,BP1_CHEMBL271516,conf03_mode2_minus,mode2,-1,-7.036,-6.741,work/ensemble_docking/conf03_mode2_minus/BP1/BP1_CHEMBL271516_vina_out.pdbqt,work/ensemble_docking/conf03_mode2_minus/BP1/BP1_CHEMBL271516_vina.log,0
BP1,LSM-25905,LINCS,Cc1cc(O)nc2cc(O)ccc12,BP1_LSM-25905,conf03_mode2_minus,mode2,-1,-7.024,-6.534,work/ensemble_docking/conf03_mode2_minus/BP1/BP1_LSM-25905_vina_out.pdbqt,work/ensemble_docking/conf03_mode2_minus/BP1/BP1_LSM-25905_vina.log,0
BP1,54870284,numeric library ID,COc1ccc2c(=O)oc3cc(O)ccc3c2c1,BP1_54870284,conf03_mode2_minus,mode2,-1,-6.991,-7.064,work/ensemble_docking/conf03_mode2_minus/BP1/BP1_54870284_vina_out.pdbqt,work/ensemble_docking/conf03_mode2_minus/BP1/BP1_54870284_vina.log,0
BP1,LSM-32647,LINCS,CN(C)C(=O)c1c(-c2ccccc2)oc2ccc(O)cc12,BP1_LSM-32647,conf03_mode2_minus,mode2,-1,-6.988,-6.669,work/ensemble_docking/conf03_mode2_minus/BP1/BP1_LSM-32647_vina_out.pdbqt,work/ensemble_docking/conf03_mode2_minus/BP1/BP1_LSM-32647_vina.log,0
BP1,LSM-33579,LINCS,O=C(NC1CCCC1)c1cc2c(ccc3ccccc32)o1,BP1_LSM-33579,conf03_mode2_minus,mode2,-1,-6.986,-7.272,work/ensemble_docking/conf03_mode2_minus/BP1/BP1_LSM-33579_vina_out.pdbqt,work/ensemble_docking/conf03_mode2_minus/BP1/BP1_LSM-33579_vina.log,0
BP1,53845739;SCHEMBL13315779;ZINC000200389531,SureChEMBL;ZINC15;numeric library ID,C#Cc1cc(=O)oc2ccccc12,BP1_53845739,conf03_mode2_minus,mode2,-1,-6.98,-6.496,work/ensemble_docking/conf03_mode2_minus/BP1/BP1_53845739_vina_out.pdbqt,work/ensemble_docking/conf03_mode2_minus/BP1/BP1_53845739_vina.log,0
BP1,1401;4MU;529222;760397;DB07118;HMDB59622;LSM-3025,DrugBank;HMDB;LINCS;PDB ligand;numeric library ID,Cc1cc(=O)oc2cc(O)ccc12,BP1_1401,conf03_mode2_minus,mode2,-1,-6.967,-6.875,work/ensemble_docking/conf03_mode2_minus/BP1/BP1_1401_vina_out.pdbqt,work/ensemble_docking/conf03_mode2_minus/BP1/BP1_1401_vina.log,0
BP1,4417258,numeric library ID,Cc1ccc(C(c2c(O)c3ccccc3oc2=O)c2c(O)c3ccccc3oc2=O)cc1,BP1_4417258,conf03_mode2_minus,mode2,-1,-6.954,-7.363,work/ensemble_docking/conf03_mode2_minus/BP1/BP1_4417258_vina_out.pdbqt,work/ensemble_docking/conf03_mode2_minus/BP1/BP1_4417258_vina.log,0
BP1,62129,numeric library ID,Oc1ccc2c(ccc3nc[nH]c32)c1,BP1_62129,conf03_mode2_minus,mode2,-1,-6.945,-7.0,work/ensemble_docking/conf03_mode2_minus/BP1/BP1_62129_vina_out.pdbqt,work/ensemble_docking/conf03_mode2_minus/BP1/BP1_62129_vina.log,0
BP1,MolPort-000-499-561,MolPort,O=C(O)c1cc(=O)c2ccccc2o1,BP1_MolPort-000-499-561,conf03_mode2_minus,mode2,-1,-6.931,-6.795,work/ensemble_docking/conf03_mode2_minus/BP1/BP1_MolPort-000-499-561_vina_out.pdbqt,work/ensemble_docking/conf03_mode2_minus/BP1/BP1_MolPort-000-499-561_vina.log,0
BP1,DB00776,DrugBank,NC(=O)N1c2ccccc2CC(=O)c2ccccc21,BP1_DB00776,conf03_mode2_minus,mode2,-1,-6.883,-7.606,work/ensemble_docking/conf03_mode2_minus/BP1/BP1_DB00776_vina_out.pdbqt,work/ensemble_docking/conf03_mode2_minus/BP1/BP1_DB00776_vina.log,0
BP1,29698120;SCHEMBL2761833;ZINC000044672070,SureChEMBL;ZINC15;numeric library ID,O=c1cc(O)c2ccc(F)cc2o1,BP1_29698120,conf03_mode2_minus,mode2,-1,-6.856,-6.58,work/ensemble_docking/conf03_mode2_minus/BP1/BP1_29698120_vina_out.pdbqt,work/ensemble_docking/conf03_mode2_minus/BP1/BP1_29698120_vina.log,0
BP1,CHEMBL32810;MolPort-002-043-397;SCHEMBL11848480,ChEMBL23;MolPort;SureChEMBL,O=c1cc(O)c2ccc(O)cc2o1,BP1_CHEMBL32810,conf03_mode2_minus,mode2,-1,-6.759,-6.433,work/ensemble_docking/conf03_mode2_minus/BP1/BP1_CHEMBL32810_vina_out.pdbqt,work/ensemble_docking/conf03_mode2_minus/BP1/BP1_CHEMBL32810_vina.log,0
BP1,5426,numeric library ID,Cc1c2cc(O)c(=O)cc-2oc2cc(O)c(O)cc12,BP1_5426,conf03_mode2_minus,mode2,-1,-6.757,-6.92,work/ensemble_docking/conf03_mode2_minus/BP1/BP1_5426_vina_out.pdbqt,work/ensemble_docking/conf03_mode2_minus/BP1/BP1_5426_vina.log,0
BP1,DB00170,DrugBank,CC1=CC(=O)c2ccccc2C1=O,BP1_DB00170,conf03_mode2_minus,mode2,-1,-6.575,-6.262,work/ensemble_docking/conf03_mode2_minus/BP1/BP1_DB00170_vina_out.pdbqt,work/ensemble_docking/conf03_mode2_minus/BP1/BP1_DB00170_vina.log,0
BP1,SCHEMBL9642273,SureChEMBL,O=c1[cH-]c(=O)c2ccccc2o1,BP1_SCHEMBL9642273,conf03_mode2_minus,mode2,-1,-6.514,-6.172,work/ensemble_docking/conf03_mode2_minus/BP1/BP1_SCHEMBL9642273_vina_out.pdbqt,work/ensemble_docking/conf03_mode2_minus/BP1/BP1_SCHEMBL9642273_vina.log,0
BP1,DB04840,DrugBank,N=C(N)N1CCc2ccccc2C1,BP1_DB04840,conf03_mode2_minus,mode2,-1,-6.513,-6.357,work/ensemble_docking/conf03_mode2_minus/BP1/BP1_DB04840_vina_out.pdbqt,work/ensemble_docking/conf03_mode2_minus/BP1/BP1_DB04840_vina.log,0
BP1,DB00972,DrugBank,CN1CCCC(n2nc(Cc3ccc(Cl)cc3)c3ccccc3c2=O)CC1,BP1_DB00972,conf03_mode2_minus,mode2,-1,-6.318,-7.107,work/ensemble_docking/conf03_mode2_minus/BP1/BP1_DB00972_vina_out.pdbqt,work/ensemble_docking/conf03_mode2_minus/BP1/BP1_DB00972_vina.log,0
BP2,746361,numeric library ID,Oc1cc(-c2nc3ccccc3o2)c(O)cc1-c1nc2ccccc2o1,BP2_746361,conf03_mode2_minus,mode2,-1,-9.116,-8.718,work/ensemble_docking/conf03_mode2_minus/BP2/BP2_746361_vina_out.pdbqt,work/ensemble_docking/conf03_mode2_minus/BP2/BP2_746361_vina.log,0
BP2,3543,numeric library ID,Cc1ccccc1N=Nc1ccc(N=Nc2c(O)ccc3ccccc23)c(C)c1,BP2_3543,conf03_mode2_minus,mode2,-1,-9.093,-7.709,work/ensemble_docking/conf03_mode2_minus/BP2/BP2_3543_vina_out.pdbqt,work/ensemble_docking/conf03_mode2_minus/BP2/BP2_3543_vina.log,0
BP2,118810,numeric library ID,Cc1cc(=O)oc2cc(O)cc(OCc3ccccc3)c12,BP2_118810,conf03_mode2_minus,mode2,-1,-8.495,-8.451,work/ensemble_docking/conf03_mode2_minus/BP2/BP2_118810_vina_out.pdbqt,work/ensemble_docking/conf03_mode2_minus/BP2/BP2_118810_vina.log,0
BP2,50651,numeric library ID,O=C(Nc1ccc(Cl)cc1)c1cc2c(cc1O)[nH]c1ccccc12,BP2_50651,conf03_mode2_minus,mode2,-1,-8.307,-8.613,work/ensemble_docking/conf03_mode2_minus/BP2/BP2_50651_vina_out.pdbqt,work/ensemble_docking/conf03_mode2_minus/BP2/BP2_50651_vina.log,0
BP2,MolPort-002-321-924,MolPort,O=C(NNC(=O)c1c(O)c2ccccc2oc1=O)c1c(O)c2ccccc2oc1=O,BP2_MolPort-002-321-924,conf03_mode2_minus,mode2,-1,-8.303,-8.698,work/ensemble_docking/conf03_mode2_minus/BP2/BP2_MolPort-002-321-924_vina_out.pdbqt,work/ensemble_docking/conf03_mode2_minus/BP2/BP2_MolPort-002-321-924_vina.log,0
BP2,686393;CHEMBL392451,ChEMBL23;numeric library ID,O=c1oc2ccccc2c(O)c1C(c1cccc(C(c2c(O)c3ccccc3oc2=O)c2c(O)c3ccccc3oc2=O)c1)c1c(O)c2ccccc2oc1=O,BP2_686393,conf03_mode2_minus,mode2,-1,-8.211,-8.556,work/ensemble_docking/conf03_mode2_minus/BP2/BP2_686393_vina_out.pdbqt,work/ensemble_docking/conf03_mode2_minus/BP2/BP2_686393_vina.log,0
BP2,CHEMBL1364708;MolPort-003-378-434,ChEMBL23;MolPort,O=c1cc(-c2cc3ccccc3o2)c2cc(O)ccc2o1,BP2_CHEMBL1364708,conf03_mode2_minus,mode2,-1,-8.175,-8.195,work/ensemble_docking/conf03_mode2_minus/BP2/BP2_CHEMBL1364708_vina_out.pdbqt,work/ensemble_docking/conf03_mode2_minus/BP2/BP2_CHEMBL1364708_vina.log,0
BP2,4368550;CHEMBL1801014;ZINC000000057885,ChEMBL23;ZINC15;numeric library ID,O=c1cc(-c2cccc(O)c2)oc2c1ccc1ccccc12,BP2_4368550,conf03_mode2_minus,mode2,-1,-8.141,-9.223,work/ensemble_docking/conf03_mode2_minus/BP2/BP2_4368550_vina_out.pdbqt,work/ensemble_docking/conf03_mode2_minus/BP2/BP2_4368550_vina.log,0
BP2,7524,numeric library ID,COc1ccc(C(=O)O[C@H]2CC[C@@]3(C)[C@@H]4CC[C@H]5[C@]6(O)C[C@H](O)[C@@]7(O)[C@@H](CN8C[C@@H](C)CC[C@H]8[C@@]7(C)O)[C@]6(O)C[C@@]53O[C@@]24O)cc1OC,BP2_7524,conf03_mode2_minus,mode2,-1,-8.124,-8.649,work/ensemble_docking/conf03_mode2_minus/BP2/BP2_7524_vina_out.pdbqt,work/ensemble_docking/conf03_mode2_minus/BP2/BP2_7524_vina.log,0
BP2,656562,numeric library ID,O=c1oc2cc3ccccc3cc2c2c1ccc1ccccc12,BP2_656562,conf03_mode2_minus,mode2,-1,-8.08,-8.831,work/ensemble_docking/conf03_mode2_minus/BP2/BP2_656562_vina_out.pdbqt,work/ensemble_docking/conf03_mode2_minus/BP2/BP2_656562_vina.log,0
BP2,DB06595,DrugBank,CO[C@@H]1[C@H](N(C)C(=O)c2ccccc2)C[C@H]2O[C@]1(C)n1c3ccccc3c3c4c(c5c6ccccc6n2c5c31)C(=O)NC4,BP2_DB06595,conf03_mode2_minus,mode2,-1,-7.953,-9.363,work/ensemble_docking/conf03_mode2_minus/BP2/BP2_DB06595_vina_out.pdbqt,work/ensemble_docking/conf03_mode2_minus/BP2/BP2_DB06595_vina.log,0
BP2,HMDB30796;LSM-36988;MRI,HMDB;LINCS;PDB ligand,O=c1c(O)c(-c2ccc(O)cc2O)oc2cc(O)cc(O)c12,BP2_HMDB30796,conf03_mode2_minus,mode2,-1,-7.943,-7.606,work/ensemble_docking/conf03_mode2_minus/BP2/BP2_HMDB30796_vina_out.pdbqt,work/ensemble_docking/conf03_mode2_minus/BP2/BP2_HMDB30796_vina.log,0
BP2,71881,numeric library ID,O=C(Nc1ccc2ncccc2c1)Nc1ccc2ncccc2c1,BP2_71881,conf03_mode2_minus,mode2,-1,-7.856,-7.937,work/ensemble_docking/conf03_mode2_minus/BP2/BP2_71881_vina_out.pdbqt,work/ensemble_docking/conf03_mode2_minus/BP2/BP2_71881_vina.log,0
BP2,338;DB07009,DrugBank;PDB ligand,Oc1ccc2nc(-c3cccc4c(O)cccc34)oc2c1,BP2_338,conf03_mode2_minus,mode2,-1,-7.843,-8.522,work/ensemble_docking/conf03_mode2_minus/BP2/BP2_338_vina_out.pdbqt,work/ensemble_docking/conf03_mode2_minus/BP2/BP2_338_vina.log,0
BP2,HMDB30821,HMDB,O=c1ccc2cc(O)c(OC3OC(CO)C(O)C(O)C3O)cc2o1,BP2_HMDB30821,conf03_mode2_minus,mode2,-1,-7.718,-7.208,work/ensemble_docking/conf03_mode2_minus/BP2/BP2_HMDB30821_vina_out.pdbqt,work/ensemble_docking/conf03_mode2_minus/BP2/BP2_HMDB30821_vina.log,0
BP2,13974,numeric library ID,Nc1ccc(N=Nc2ccccc2)c2ccccc12,BP2_13974,conf03_mode2_minus,mode2,-1,-7.699,-7.909,work/ensemble_docking/conf03_mode2_minus/BP2/BP2_13974_vina_out.pdbqt,work/ensemble_docking/conf03_mode2_minus/BP2/BP2_13974_vina.log,0
BP2,HMDB38956,HMDB,O=c1oc(C=CC=Cc2ccc(O)cc2)nc2ccccc12,BP2_HMDB38956,conf03_mode2_minus,mode2,-1,-7.636,-8.084,work/ensemble_docking/conf03_mode2_minus/BP2/BP2_HMDB38956_vina_out.pdbqt,work/ensemble_docking/conf03_mode2_minus/BP2/BP2_HMDB38956_vina.log,0
BP2,96541,numeric library ID,N#CC1C=Cc2c(ccc3ccccc23)N1C(=O)c1ccccc1,BP2_96541,conf03_mode2_minus,mode2,-1,-7.635,-8.051,work/ensemble_docking/conf03_mode2_minus/BP2/BP2_96541_vina_out.pdbqt,work/ensemble_docking/conf03_mode2_minus/BP2/BP2_96541_vina.log,0
BP2,85Z,PDB ligand,Cc1cc(F)ccc1-c1c(Cc2ccc(/C=C/C(=O)O)cc2)c2ccc(O)cc2oc1=O,BP2_85Z,conf03_mode2_minus,mode2,-1,-7.594,-9.489,work/ensemble_docking/conf03_mode2_minus/BP2/BP2_85Z_vina_out.pdbqt,work/ensemble_docking/conf03_mode2_minus/BP2/BP2_85Z_vina.log,0
BP2,CHEMBL2262363,ChEMBL23,O=c1oc2ccccc2c(O)c1-c1cccc(-c2c(O)c3ccccc3oc2=O)c1,BP2_CHEMBL2262363,conf03_mode2_minus,mode2,-1,-7.581,-9.307,work/ensemble_docking/conf03_mode2_minus/BP2/BP2_CHEMBL2262363_vina_out.pdbqt,work/ensemble_docking/conf03_mode2_minus/BP2/BP2_CHEMBL2262363_vina.log,0
BP2,DB07236,DrugBank,Oc1ccc2cc(-c3noc4cc(O)ccc34)ccc2c1,BP2_DB07236,conf03_mode2_minus,mode2,-1,-7.533,-8.082,work/ensemble_docking/conf03_mode2_minus/BP2/BP2_DB07236_vina_out.pdbqt,work/ensemble_docking/conf03_mode2_minus/BP2/BP2_DB07236_vina.log,0
BP2,LSM-27001,LINCS,O=c1oc2cc(OCc3ccc([N+](=O)[O-])cc3)ccc2c2c1CCCC2,BP2_LSM-27001,conf03_mode2_minus,mode2,-1,-7.532,-8.447,work/ensemble_docking/conf03_mode2_minus/BP2/BP2_LSM-27001_vina_out.pdbqt,work/ensemble_docking/conf03_mode2_minus/BP2/BP2_LSM-27001_vina.log,0
BP2,317,PDB ligand,CCc1oc2ccccc2c1C(=O)c1ccc(O)cc1,BP2_317,conf03_mode2_minus,mode2,-1,-7.497,-7.682,work/ensemble_docking/conf03_mode2_minus/BP2/BP2_317_vina_out.pdbqt,work/ensemble_docking/conf03_mode2_minus/BP2/BP2_317_vina.log,0
BP2,HMDB29534,HMDB,CC(=O)c1c(O)ccc2c(=O)c(-c3ccccc3)c(C)oc12,BP2_HMDB29534,conf03_mode2_minus,mode2,-1,-7.487,-7.472,work/ensemble_docking/conf03_mode2_minus/BP2/BP2_HMDB29534_vina_out.pdbqt,work/ensemble_docking/conf03_mode2_minus/BP2/BP2_HMDB29534_vina.log,0
BP2,DB08820,DrugBank,CC(C)(C)c1cc(C(C)(C)C)c(NC(=O)c2c[nH]c3ccccc3c2=O)cc1O,BP2_DB08820,conf03_mode2_minus,mode2,-1,-7.456,-8.615,work/ensemble_docking/conf03_mode2_minus/BP2/BP2_DB08820_vina_out.pdbqt,work/ensemble_docking/conf03_mode2_minus/BP2/BP2_DB08820_vina.log,0
BP2,DB04750,DrugBank,O=C(O)c1ccc(-c2c3cc(F)c(=O)cc-3oc3cc(O)c(F)cc23)c(C(=O)O)c1,BP2_DB04750,conf03_mode2_minus,mode2,-1,-7.429,-8.83,work/ensemble_docking/conf03_mode2_minus/BP2/BP2_DB04750_vina_out.pdbqt,work/ensemble_docking/conf03_mode2_minus/BP2/BP2_DB04750_vina.log,0
BP2,1842204;MolPort-002-113-300;ZINC000000296657,MolPort;ZINC15;numeric library ID,O=C(Oc1cc(=O)oc2ccccc12)c1ccccc1,BP2_1842204,conf03_mode2_minus,mode2,-1,-7.367,-7.584,work/ensemble_docking/conf03_mode2_minus/BP2/BP2_1842204_vina_out.pdbqt,work/ensemble_docking/conf03_mode2_minus/BP2/BP2_1842204_vina.log,0
BP2,DB01852;LSM-5304,DrugBank;LINCS,O=c1c(O)c(-c2ccc(O)cc2)oc2cc(O)cc(O)c12,BP2_DB01852,conf03_mode2_minus,mode2,-1,-7.312,-7.624,work/ensemble_docking/conf03_mode2_minus/BP2/BP2_DB01852_vina_out.pdbqt,work/ensemble_docking/conf03_mode2_minus/BP2/BP2_DB01852_vina.log,0
BP2,HMDB29219,HMDB,O=c1oc2c(O)c(O)ccc2c2cc(O)c(O)cc12,BP2_HMDB29219,conf03_mode2_minus,mode2,-1,-7.247,-7.795,work/ensemble_docking/conf03_mode2_minus/BP2/BP2_HMDB29219_vina_out.pdbqt,work/ensemble_docking/conf03_mode2_minus/BP2/BP2_HMDB29219_vina.log,0
BP2,SCHEMBL11830680,SureChEMBL,O=c1cc(O)c2cc(Cc3ccccc3)ccc2o1,BP2_SCHEMBL11830680,conf03_mode2_minus,mode2,-1,-7.191,-7.588,work/ensemble_docking/conf03_mode2_minus/BP2/BP2_SCHEMBL11830680_vina_out.pdbqt,work/ensemble_docking/conf03_mode2_minus/BP2/BP2_SCHEMBL11830680_vina.log,0
BP2,17055,numeric library ID,CC(=O)Oc1ccc2cc(-c3ccccc3)c(=O)oc2c1,BP2_17055,conf03_mode2_minus,mode2,-1,-7.183,-7.95,work/ensemble_docking/conf03_mode2_minus/BP2/BP2_17055_vina_out.pdbqt,work/ensemble_docking/conf03_mode2_minus/BP2/BP2_17055_vina.log,0
BP2,CHEMBL374372,ChEMBL23,O=c1cc(/C=C/c2ccc(O)c(O)c2)oc2ccccc12,BP2_CHEMBL374372,conf03_mode2_minus,mode2,-1,-7.174,-8.664,work/ensemble_docking/conf03_mode2_minus/BP2/BP2_CHEMBL374372_vina_out.pdbqt,work/ensemble_docking/conf03_mode2_minus/BP2/BP2_CHEMBL374372_vina.log,0
BP2,LSM-36455,LINCS,O=c1oc2c(O)c(O)cc3c(=O)oc4c(O)c(O)cc1c4c23,BP2_LSM-36455,conf03_mode2_minus,mode2,-1,-7.102,-8.559,work/ensemble_docking/conf03_mode2_minus/BP2/BP2_LSM-36455_vina_out.pdbqt,work/ensemble_docking/conf03_mode2_minus/BP2/BP2_LSM-36455_vina.log,0
BP2,2357873;MolPort-002-153-633;ZINC000002897678,MolPort;ZINC15;numeric library ID,O=c1cc(O)c2c(=O)oc3ccccc3c2o1,BP2_2357873,conf03_mode2_minus,mode2,-1,-7.02,-7.562,work/ensemble_docking/conf03_mode2_minus/BP2/BP2_2357873_vina_out.pdbqt,work/ensemble_docking/conf03_mode2_minus/BP2/BP2_2357873_vina.log,0
BP2,2035856,numeric library ID,O=c1cc(Oc2cc(=O)oc3ccccc23)c2ccccc2o1,BP2_2035856,conf03_mode2_minus,mode2,-1,-7.005,-8.388,work/ensemble_docking/conf03_mode2_minus/BP2/BP2_2035856_vina_out.pdbqt,work/ensemble_docking/conf03_mode2_minus/BP2/BP2_2035856_vina.log,0
BP2,CHEMBL3094027,ChEMBL23,O=c1cc(O)c2ccc(OCc3cccc(F)c3)cc2o1,BP2_CHEMBL3094027,conf03_mode2_minus,mode2,-1,-6.968,-7.473,work/ensemble_docking/conf03_mode2_minus/BP2/BP2_CHEMBL3094027_vina_out.pdbqt,work/ensemble_docking/conf03_mode2_minus/BP2/BP2_CHEMBL3094027_vina.log,0
BP2,2608,numeric library ID,O=c1cc2oc3cc(O)c(O)cc3c(-c3ccccc3)c-2cc1O,BP2_2608,conf03_mode2_minus,mode2,-1,-6.961,-7.783,work/ensemble_docking/conf03_mode2_minus/BP2/BP2_2608_vina_out.pdbqt,work/ensemble_docking/conf03_mode2_minus/BP2/BP2_2608_vina.log,0
BP2,HMDB29518,HMDB,CC(=O)c1ccc2oc(=O)cc(C)c2c1O,BP2_HMDB29518,conf03_mode2_minus,mode2,-1,-6.957,-6.824,work/ensemble_docking/conf03_mode2_minus/BP2/BP2_HMDB29518_vina_out.pdbqt,work/ensemble_docking/conf03_mode2_minus/BP2/BP2_HMDB29518_vina.log,0
BP2,1477,numeric library ID,CC(C)Oc1ccc2c(=O)c(-c3ccccc3)coc2c1,BP2_1477,conf03_mode2_minus,mode2,-1,-6.953,-8.065,work/ensemble_docking/conf03_mode2_minus/BP2/BP2_1477_vina_out.pdbqt,work/ensemble_docking/conf03_mode2_minus/BP2/BP2_1477_vina.log,0
BP2,LSM-17202,LINCS,O=c1cc(CN2CCOCC2)c2cc(Cl)c(O)cc2o1,BP2_LSM-17202,conf03_mode2_minus,mode2,-1,-6.917,-7.161,work/ensemble_docking/conf03_mode2_minus/BP2/BP2_LSM-17202_vina_out.pdbqt,work/ensemble_docking/conf03_mode2_minus/BP2/BP2_LSM-17202_vina.log,0
BP2,DB08100,DrugBank,Cc1cc(/C=C/c2ccccc2)cc(C)c1O,BP2_DB08100,conf03_mode2_minus,mode2,-1,-6.88,-7.44,work/ensemble_docking/conf03_mode2_minus/BP2/BP2_DB08100_vina_out.pdbqt,work/ensemble_docking/conf03_mode2_minus/BP2/BP2_DB08100_vina.log,0
BP2,380712;50005460;MolPort-035-673-217;SCHEMBL2761855;ZINC000006576436,MolPort;SureChEMBL;ZINC15;numeric library ID,O=c1cc(O)c2ccc3ccccc3c2o1,BP2_380712,conf03_mode2_minus,mode2,-1,-6.86,-7.278,work/ensemble_docking/conf03_mode2_minus/BP2/BP2_380712_vina_out.pdbqt,work/ensemble_docking/conf03_mode2_minus/BP2/BP2_380712_vina.log,0
BP2,32838,numeric library ID,O=C1NC(=O)C2(CCc3ccccc32)N1,BP2_32838,conf03_mode2_minus,mode2,-1,-6.786,-7.266,work/ensemble_docking/conf03_mode2_minus/BP2/BP2_32838_vina_out.pdbqt,work/ensemble_docking/conf03_mode2_minus/BP2/BP2_32838_vina.log,0
BP2,XZZ,PDB ligand,Cc1cc(=O)oc2cc(O)c(Cl)cc12,BP2_XZZ,conf03_mode2_minus,mode2,-1,-6.748,-6.694,work/ensemble_docking/conf03_mode2_minus/BP2/BP2_XZZ_vina_out.pdbqt,work/ensemble_docking/conf03_mode2_minus/BP2/BP2_XZZ_vina.log,0
BP2,CHEMBL227815,ChEMBL23,O=C1C(O)=Cc2cccc3cccc1c23,BP2_CHEMBL227815,conf03_mode2_minus,mode2,-1,-6.711,-7.484,work/ensemble_docking/conf03_mode2_minus/BP2/BP2_CHEMBL227815_vina_out.pdbqt,work/ensemble_docking/conf03_mode2_minus/BP2/BP2_CHEMBL227815_vina.log,0
BP2,SCHEMBL8945680,SureChEMBL,O=c1cc(O)c2cc(-c3ccccc3)ccc2o1,BP2_SCHEMBL8945680,conf03_mode2_minus,mode2,-1,-6.711,-7.871,work/ensemble_docking/conf03_mode2_minus/BP2/BP2_SCHEMBL8945680_vina_out.pdbqt,work/ensemble_docking/conf03_mode2_minus/BP2/BP2_SCHEMBL8945680_vina.log,0
BP2,764465,numeric library ID,Cc1cc(=O)oc2cc(O)c(N)cc12,BP2_764465,conf03_mode2_minus,mode2,-1,-6.684,-6.892,work/ensemble_docking/conf03_mode2_minus/BP2/BP2_764465_vina_out.pdbqt,work/ensemble_docking/conf03_mode2_minus/BP2/BP2_764465_vina.log,0
BP2,DB09096,DrugBank,O=C(OOC(=O)c1ccccc1)c1ccccc1,BP2_DB09096,conf03_mode2_minus,mode2,-1,-6.587,-6.346,work/ensemble_docking/conf03_mode2_minus/BP2/BP2_DB09096_vina_out.pdbqt,work/ensemble_docking/conf03_mode2_minus/BP2/BP2_DB09096_vina.log,0
BP2,DB00794,DrugBank,CCC1(c2ccccc2)C(=O)NCNC1=O,BP2_DB00794,conf03_mode2_minus,mode2,-1,-6.541,-6.589,work/ensemble_docking/conf03_mode2_minus/BP2/BP2_DB00794_vina_out.pdbqt,work/ensemble_docking/conf03_mode2_minus/BP2/BP2_DB00794_vina.log,0
BP2,3WL,PDB ligand,O=c1cc(-c2ccccc2)oc2cc(O)c(O)c(O)c12,BP2_3WL,conf03_mode2_minus,mode2,-1,-6.505,-7.79,work/ensemble_docking/conf03_mode2_minus/BP2/BP2_3WL_vina_out.pdbqt,work/ensemble_docking/conf03_mode2_minus/BP2/BP2_3WL_vina.log,0
BP2,529222;CHEMBL12208;MolPort-000-467-367;ZINC000000058121,ChEMBL23;MolPort;ZINC15;numeric library ID,Cc1cc(=O)oc2cc(O)ccc12,BP2_529222,conf03_mode2_minus,mode2,-1,-6.453,-6.838,work/ensemble_docking/conf03_mode2_minus/BP2/BP2_529222_vina_out.pdbqt,work/ensemble_docking/conf03_mode2_minus/BP2/BP2_529222_vina.log,0
BP2,SCHEMBL11848480,SureChEMBL,O=c1cc(O)c2ccc(O)cc2o1,BP2_SCHEMBL11848480,conf03_mode2_minus,mode2,-1,-6.134,-6.479,work/ensemble_docking/conf03_mode2_minus/BP2/BP2_SCHEMBL11848480_vina_out.pdbqt,work/ensemble_docking/conf03_mode2_minus/BP2/BP2_SCHEMBL11848480_vina.log,0
BP2,SCHEMBL1366927,SureChEMBL,O=c1ccc2cccc(O)c2o1,BP2_SCHEMBL1366927,conf03_mode2_minus,mode2,-1,-5.969,-6.411,work/ensemble_docking/conf03_mode2_minus/BP2/BP2_SCHEMBL1366927_vina_out.pdbqt,work/ensemble_docking/conf03_mode2_minus/BP2/BP2_SCHEMBL1366927_vina.log,0
BP1,251157;ZINC000103969950,ZINC15;numeric library ID,Cc1c(O)c2ccc3ccccc3c2oc1=O,BP1_251157,conf04_mode2_plus,mode2,1,-7.396,-7.223,work/ensemble_docking/conf04_mode2_plus/BP1/BP1_251157_vina_out.pdbqt,work/ensemble_docking/conf04_mode2_plus/BP1/BP1_251157_vina.log,0
BP1,CHEMBL1929523,ChEMBL23,O=c1ccc2c(ccc3oc4ccccc4c32)o1,BP1_CHEMBL1929523,conf04_mode2_plus,mode2,1,-7.388,-7.202,work/ensemble_docking/conf04_mode2_plus/BP1/BP1_CHEMBL1929523_vina_out.pdbqt,work/ensemble_docking/conf04_mode2_plus/BP1/BP1_CHEMBL1929523_vina.log,0
BP1,CHEMBL3306562,ChEMBL23,N#Cc1c(O)c2cc3ccccc3cc2oc1=O,BP1_CHEMBL3306562,conf04_mode2_plus,mode2,1,-7.338,-6.881,work/ensemble_docking/conf04_mode2_plus/BP1/BP1_CHEMBL3306562_vina_out.pdbqt,work/ensemble_docking/conf04_mode2_plus/BP1/BP1_CHEMBL3306562_vina.log,0
BP1,DB03623,DrugBank,Oc1ccc(-c2cnc3ccc4ccncc4c3c2)cc1,BP1_DB03623,conf04_mode2_plus,mode2,1,-7.328,-7.313,work/ensemble_docking/conf04_mode2_plus/BP1/BP1_DB03623_vina_out.pdbqt,work/ensemble_docking/conf04_mode2_plus/BP1/BP1_DB03623_vina.log,0
BP1,MolPort-002-367-171,MolPort,Cc1c(C)c2ccc(O)cc2oc1=O,BP1_MolPort-002-367-171,conf04_mode2_plus,mode2,1,-7.327,-6.637,work/ensemble_docking/conf04_mode2_plus/BP1/BP1_MolPort-002-367-171_vina_out.pdbqt,work/ensemble_docking/conf04_mode2_plus/BP1/BP1_MolPort-002-367-171_vina.log,0
BP1,CHEMBL329500,ChEMBL23,O=c1cc(-c2ccccc2)oc2c1ccc1ccc(O)cc12,BP1_CHEMBL329500,conf04_mode2_plus,mode2,1,-7.27,-7.674,work/ensemble_docking/conf04_mode2_plus/BP1/BP1_CHEMBL329500_vina_out.pdbqt,work/ensemble_docking/conf04_mode2_plus/BP1/BP1_CHEMBL329500_vina.log,0
BP1,PEY,PDB ligand,c1ccc2c(c1)ccc1ccccc12,BP1_PEY,conf04_mode2_plus,mode2,1,-7.242,-7.232,work/ensemble_docking/conf04_mode2_plus/BP1/BP1_PEY_vina_out.pdbqt,work/ensemble_docking/conf04_mode2_plus/BP1/BP1_PEY_vina.log,0
BP1,HMDB34138,HMDB,O=c1oc2cc(O)ccc2c2oc3cc(O)cc(O)c3c12,BP1_HMDB34138,conf04_mode2_plus,mode2,1,-7.241,-7.015,work/ensemble_docking/conf04_mode2_plus/BP1/BP1_HMDB34138_vina_out.pdbqt,work/ensemble_docking/conf04_mode2_plus/BP1/BP1_HMDB34138_vina.log,0
BP1,19824,numeric library ID,CC1(C)c2ccccc2-c2nc3ccccc3cc2C1O,BP1_19824,conf04_mode2_plus,mode2,1,-7.229,-7.612,work/ensemble_docking/conf04_mode2_plus/BP1/BP1_19824_vina_out.pdbqt,work/ensemble_docking/conf04_mode2_plus/BP1/BP1_19824_vina.log,0
BP1,CHEMBL3409185,ChEMBL23,Oc1cc(-c2cc3ccccc3o2)c(Br)c(O)c1O,BP1_CHEMBL3409185,conf04_mode2_plus,mode2,1,-7.206,-6.863,work/ensemble_docking/conf04_mode2_plus/BP1/BP1_CHEMBL3409185_vina_out.pdbqt,work/ensemble_docking/conf04_mode2_plus/BP1/BP1_CHEMBL3409185_vina.log,0
BP1,HMDB32713,HMDB,Oc1ccc(-c2cc(O)cc(O)c2)cc1,BP1_HMDB32713,conf04_mode2_plus,mode2,1,-7.148,-6.728,work/ensemble_docking/conf04_mode2_plus/BP1/BP1_HMDB32713_vina_out.pdbqt,work/ensemble_docking/conf04_mode2_plus/BP1/BP1_HMDB32713_vina.log,0
BP1,HMDB59798,HMDB,Oc1ccc2c(ccc3ccccc32)c1,BP1_HMDB59798,conf04_mode2_plus,mode2,1,-7.118,-7.36,work/ensemble_docking/conf04_mode2_plus/BP1/BP1_HMDB59798_vina_out.pdbqt,work/ensemble_docking/conf04_mode2_plus/BP1/BP1_HMDB59798_vina.log,0
BP1,DB04641,DrugBank,O=C(O)c1cc2cc(O)ccc2cc1O,BP1_DB04641,conf04_mode2_plus,mode2,1,-7.11,-6.934,work/ensemble_docking/conf04_mode2_plus/BP1/BP1_DB04641_vina_out.pdbqt,work/ensemble_docking/conf04_mode2_plus/BP1/BP1_DB04641_vina.log,0
BP1,10510606;MolPort-006-318-916;ZINC000006117594,MolPort;ZINC15;numeric library ID,O=c1c2ccccc2oc2cc(O)cc(O)c12,BP1_10510606,conf04_mode2_plus,mode2,1,-7.092,-6.826,work/ensemble_docking/conf04_mode2_plus/BP1/BP1_10510606_vina_out.pdbqt,work/ensemble_docking/conf04_mode2_plus/BP1/BP1_10510606_vina.log,0
BP1,SCHEMBL15388250,SureChEMBL,Cc1ccc2c(=O)oc3cc(O)ccc3c2c1,BP1_SCHEMBL15388250,conf04_mode2_plus,mode2,1,-7.072,-7.29,work/ensemble_docking/conf04_mode2_plus/BP1/BP1_SCHEMBL15388250_vina_out.pdbqt,work/ensemble_docking/conf04_mode2_plus/BP1/BP1_SCHEMBL15388250_vina.log,0
BP1,LSM-3723,LINCS,O=C1c2ccccc2-c2cccc3cccc1c23,BP1_LSM-3723,conf04_mode2_plus,mode2,1,-7.064,-7.222,work/ensemble_docking/conf04_mode2_plus/BP1/BP1_LSM-3723_vina_out.pdbqt,work/ensemble_docking/conf04_mode2_plus/BP1/BP1_LSM-3723_vina.log,0
BP1,402797;MolPort-000-744-145;ZINC000000058126,MolPort;ZINC15;numeric library ID,Cc1cc(=O)oc2cc(O)cc(O)c12,BP1_402797,conf04_mode2_plus,mode2,1,-7.062,-6.43,work/ensemble_docking/conf04_mode2_plus/BP1/BP1_402797_vina_out.pdbqt,work/ensemble_docking/conf04_mode2_plus/BP1/BP1_402797_vina.log,0
BP1,HMDB59801,HMDB,Oc1cc2ccccc2c2ccccc12,BP1_HMDB59801,conf04_mode2_plus,mode2,1,-7.051,-7.039,work/ensemble_docking/conf04_mode2_plus/BP1/BP1_HMDB59801_vina_out.pdbqt,work/ensemble_docking/conf04_mode2_plus/BP1/BP1_HMDB59801_vina.log,0
BP1,151252,numeric library ID,O=C(O)c1cc2ccccc2c2cc(Br)ccc12,BP1_151252,conf04_mode2_plus,mode2,1,-7.043,-7.461,work/ensemble_docking/conf04_mode2_plus/BP1/BP1_151252_vina_out.pdbqt,work/ensemble_docking/conf04_mode2_plus/BP1/BP1_151252_vina.log,0
BP1,CHEMBL271516;MolPort-000-422-134,ChEMBL23;MolPort,O=c1cc(CCl)c2ccc(O)cc2o1,BP1_CHEMBL271516,conf04_mode2_plus,mode2,1,-7.036,-6.434,work/ensemble_docking/conf04_mode2_plus/BP1/BP1_CHEMBL271516_vina_out.pdbqt,work/ensemble_docking/conf04_mode2_plus/BP1/BP1_CHEMBL271516_vina.log,0
BP1,LSM-25905,LINCS,Cc1cc(O)nc2cc(O)ccc12,BP1_LSM-25905,conf04_mode2_plus,mode2,1,-7.024,-6.252,work/ensemble_docking/conf04_mode2_plus/BP1/BP1_LSM-25905_vina_out.pdbqt,work/ensemble_docking/conf04_mode2_plus/BP1/BP1_LSM-25905_vina.log,0
BP1,54870284,numeric library ID,COc1ccc2c(=O)oc3cc(O)ccc3c2c1,BP1_54870284,conf04_mode2_plus,mode2,1,-6.991,-6.999,work/ensemble_docking/conf04_mode2_plus/BP1/BP1_54870284_vina_out.pdbqt,work/ensemble_docking/conf04_mode2_plus/BP1/BP1_54870284_vina.log,0
BP1,LSM-32647,LINCS,CN(C)C(=O)c1c(-c2ccccc2)oc2ccc(O)cc12,BP1_LSM-32647,conf04_mode2_plus,mode2,1,-6.988,-6.545,work/ensemble_docking/conf04_mode2_plus/BP1/BP1_LSM-32647_vina_out.pdbqt,work/ensemble_docking/conf04_mode2_plus/BP1/BP1_LSM-32647_vina.log,0
BP1,LSM-33579,LINCS,O=C(NC1CCCC1)c1cc2c(ccc3ccccc32)o1,BP1_LSM-33579,conf04_mode2_plus,mode2,1,-6.986,-7.235,work/ensemble_docking/conf04_mode2_plus/BP1/BP1_LSM-33579_vina_out.pdbqt,work/ensemble_docking/conf04_mode2_plus/BP1/BP1_LSM-33579_vina.log,0
BP1,53845739;SCHEMBL13315779;ZINC000200389531,SureChEMBL;ZINC15;numeric library ID,C#Cc1cc(=O)oc2ccccc12,BP1_53845739,conf04_mode2_plus,mode2,1,-6.98,-6.292,work/ensemble_docking/conf04_mode2_plus/BP1/BP1_53845739_vina_out.pdbqt,work/ensemble_docking/conf04_mode2_plus/BP1/BP1_53845739_vina.log,0
BP1,1401;4MU;529222;760397;DB07118;HMDB59622;LSM-3025,DrugBank;HMDB;LINCS;PDB ligand;numeric library ID,Cc1cc(=O)oc2cc(O)ccc12,BP1_1401,conf04_mode2_plus,mode2,1,-6.967,-6.55,work/ensemble_docking/conf04_mode2_plus/BP1/BP1_1401_vina_out.pdbqt,work/ensemble_docking/conf04_mode2_plus/BP1/BP1_1401_vina.log,0
BP1,4417258,numeric library ID,Cc1ccc(C(c2c(O)c3ccccc3oc2=O)c2c(O)c3ccccc3oc2=O)cc1,BP1_4417258,conf04_mode2_plus,mode2,1,-6.954,-7.314,work/ensemble_docking/conf04_mode2_plus/BP1/BP1_4417258_vina_out.pdbqt,work/ensemble_docking/conf04_mode2_plus/BP1/BP1_4417258_vina.log,0
BP1,62129,numeric library ID,Oc1ccc2c(ccc3nc[nH]c32)c1,BP1_62129,conf04_mode2_plus,mode2,1,-6.945,-7.092,work/ensemble_docking/conf04_mode2_plus/BP1/BP1_62129_vina_out.pdbqt,work/ensemble_docking/conf04_mode2_plus/BP1/BP1_62129_vina.log,0
BP1,MolPort-000-499-561,MolPort,O=C(O)c1cc(=O)c2ccccc2o1,BP1_MolPort-000-499-561,conf04_mode2_plus,mode2,1,-6.931,-6.703,work/ensemble_docking/conf04_mode2_plus/BP1/BP1_MolPort-000-499-561_vina_out.pdbqt,work/ensemble_docking/conf04_mode2_plus/BP1/BP1_MolPort-000-499-561_vina.log,0
BP1,DB00776,DrugBank,NC(=O)N1c2ccccc2CC(=O)c2ccccc21,BP1_DB00776,conf04_mode2_plus,mode2,1,-6.883,-7.69,work/ensemble_docking/conf04_mode2_plus/BP1/BP1_DB00776_vina_out.pdbqt,work/ensemble_docking/conf04_mode2_plus/BP1/BP1_DB00776_vina.log,0
BP1,29698120;SCHEMBL2761833;ZINC000044672070,SureChEMBL;ZINC15;numeric library ID,O=c1cc(O)c2ccc(F)cc2o1,BP1_29698120,conf04_mode2_plus,mode2,1,-6.856,-6.352,work/ensemble_docking/conf04_mode2_plus/BP1/BP1_29698120_vina_out.pdbqt,work/ensemble_docking/conf04_mode2_plus/BP1/BP1_29698120_vina.log,0
BP1,CHEMBL32810;MolPort-002-043-397;SCHEMBL11848480,ChEMBL23;MolPort;SureChEMBL,O=c1cc(O)c2ccc(O)cc2o1,BP1_CHEMBL32810,conf04_mode2_plus,mode2,1,-6.759,-6.302,work/ensemble_docking/conf04_mode2_plus/BP1/BP1_CHEMBL32810_vina_out.pdbqt,work/ensemble_docking/conf04_mode2_plus/BP1/BP1_CHEMBL32810_vina.log,0
BP1,5426,numeric library ID,Cc1c2cc(O)c(=O)cc-2oc2cc(O)c(O)cc12,BP1_5426,conf04_mode2_plus,mode2,1,-6.757,-6.723,work/ensemble_docking/conf04_mode2_plus/BP1/BP1_5426_vina_out.pdbqt,work/ensemble_docking/conf04_mode2_plus/BP1/BP1_5426_vina.log,0
BP1,DB00170,DrugBank,CC1=CC(=O)c2ccccc2C1=O,BP1_DB00170,conf04_mode2_plus,mode2,1,-6.575,-6.249,work/ensemble_docking/conf04_mode2_plus/BP1/BP1_DB00170_vina_out.pdbqt,work/ensemble_docking/conf04_mode2_plus/BP1/BP1_DB00170_vina.log,0
BP1,SCHEMBL9642273,SureChEMBL,O=c1[cH-]c(=O)c2ccccc2o1,BP1_SCHEMBL9642273,conf04_mode2_plus,mode2,1,-6.514,-6.085,work/ensemble_docking/conf04_mode2_plus/BP1/BP1_SCHEMBL9642273_vina_out.pdbqt,work/ensemble_docking/conf04_mode2_plus/BP1/BP1_SCHEMBL9642273_vina.log,0
BP1,DB04840,DrugBank,N=C(N)N1CCc2ccccc2C1,BP1_DB04840,conf04_mode2_plus,mode2,1,-6.513,-6.367,work/ensemble_docking/conf04_mode2_plus/BP1/BP1_DB04840_vina_out.pdbqt,work/ensemble_docking/conf04_mode2_plus/BP1/BP1_DB04840_vina.log,0
BP1,DB00972,DrugBank,CN1CCCC(n2nc(Cc3ccc(Cl)cc3)c3ccccc3c2=O)CC1,BP1_DB00972,conf04_mode2_plus,mode2,1,-6.318,-6.776,work/ensemble_docking/conf04_mode2_plus/BP1/BP1_DB00972_vina_out.pdbqt,work/ensemble_docking/conf04_mode2_plus/BP1/BP1_DB00972_vina.log,0
BP2,746361,numeric library ID,Oc1cc(-c2nc3ccccc3o2)c(O)cc1-c1nc2ccccc2o1,BP2_746361,conf04_mode2_plus,mode2,1,-9.116,-9.229,work/ensemble_docking/conf04_mode2_plus/BP2/BP2_746361_vina_out.pdbqt,work/ensemble_docking/conf04_mode2_plus/BP2/BP2_746361_vina.log,0
BP2,3543,numeric library ID,Cc1ccccc1N=Nc1ccc(N=Nc2c(O)ccc3ccccc23)c(C)c1,BP2_3543,conf04_mode2_plus,mode2,1,-9.093,-8.114,work/ensemble_docking/conf04_mode2_plus/BP2/BP2_3543_vina_out.pdbqt,work/ensemble_docking/conf04_mode2_plus/BP2/BP2_3543_vina.log,0
BP2,118810,numeric library ID,Cc1cc(=O)oc2cc(O)cc(OCc3ccccc3)c12,BP2_118810,conf04_mode2_plus,mode2,1,-8.495,-8.716,work/ensemble_docking/conf04_mode2_plus/BP2/BP2_118810_vina_out.pdbqt,work/ensemble_docking/conf04_mode2_plus/BP2/BP2_118810_vina.log,0
BP2,50651,numeric library ID,O=C(Nc1ccc(Cl)cc1)c1cc2c(cc1O)[nH]c1ccccc12,BP2_50651,conf04_mode2_plus,mode2,1,-8.307,-8.767,work/ensemble_docking/conf04_mode2_plus/BP2/BP2_50651_vina_out.pdbqt,work/ensemble_docking/conf04_mode2_plus/BP2/BP2_50651_vina.log,0
BP2,MolPort-002-321-924,MolPort,O=C(NNC(=O)c1c(O)c2ccccc2oc1=O)c1c(O)c2ccccc2oc1=O,BP2_MolPort-002-321-924,conf04_mode2_plus,mode2,1,-8.303,-8.647,work/ensemble_docking/conf04_mode2_plus/BP2/BP2_MolPort-002-321-924_vina_out.pdbqt,work/ensemble_docking/conf04_mode2_plus/BP2/BP2_MolPort-002-321-924_vina.log,0
BP2,686393;CHEMBL392451,ChEMBL23;numeric library ID,O=c1oc2ccccc2c(O)c1C(c1cccc(C(c2c(O)c3ccccc3oc2=O)c2c(O)c3ccccc3oc2=O)c1)c1c(O)c2ccccc2oc1=O,BP2_686393,conf04_mode2_plus,mode2,1,-8.211,-9.759,work/ensemble_docking/conf04_mode2_plus/BP2/BP2_686393_vina_out.pdbqt,work/ensemble_docking/conf04_mode2_plus/BP2/BP2_686393_vina.log,0
BP2,CHEMBL1364708;MolPort-003-378-434,ChEMBL23;MolPort,O=c1cc(-c2cc3ccccc3o2)c2cc(O)ccc2o1,BP2_CHEMBL1364708,conf04_mode2_plus,mode2,1,-8.175,-8.337,work/ensemble_docking/conf04_mode2_plus/BP2/BP2_CHEMBL1364708_vina_out.pdbqt,work/ensemble_docking/conf04_mode2_plus/BP2/BP2_CHEMBL1364708_vina.log,0
BP2,4368550;CHEMBL1801014;ZINC000000057885,ChEMBL23;ZINC15;numeric library ID,O=c1cc(-c2cccc(O)c2)oc2c1ccc1ccccc12,BP2_4368550,conf04_mode2_plus,mode2,1,-8.141,-8.983,work/ensemble_docking/conf04_mode2_plus/BP2/BP2_4368550_vina_out.pdbqt,work/ensemble_docking/conf04_mode2_plus/BP2/BP2_4368550_vina.log,0
BP2,7524,numeric library ID,COc1ccc(C(=O)O[C@H]2CC[C@@]3(C)[C@@H]4CC[C@H]5[C@]6(O)C[C@H](O)[C@@]7(O)[C@@H](CN8C[C@@H](C)CC[C@H]8[C@@]7(C)O)[C@]6(O)C[C@@]53O[C@@]24O)cc1OC,BP2_7524,conf04_mode2_plus,mode2,1,-8.124,-8.95,work/ensemble_docking/conf04_mode2_plus/BP2/BP2_7524_vina_out.pdbqt,work/ensemble_docking/conf04_mode2_plus/BP2/BP2_7524_vina.log,0
BP2,656562,numeric library ID,O=c1oc2cc3ccccc3cc2c2c1ccc1ccccc12,BP2_656562,conf04_mode2_plus,mode2,1,-8.08,-9.076,work/ensemble_docking/conf04_mode2_plus/BP2/BP2_656562_vina_out.pdbqt,work/ensemble_docking/conf04_mode2_plus/BP2/BP2_656562_vina.log,0
BP2,DB06595,DrugBank,CO[C@@H]1[C@H](N(C)C(=O)c2ccccc2)C[C@H]2O[C@]1(C)n1c3ccccc3c3c4c(c5c6ccccc6n2c5c31)C(=O)NC4,BP2_DB06595,conf04_mode2_plus,mode2,1,-7.953,-9.87,work/ensemble_docking/conf04_mode2_plus/BP2/BP2_DB06595_vina_out.pdbqt,work/ensemble_docking/conf04_mode2_plus/BP2/BP2_DB06595_vina.log,0
BP2,HMDB30796;LSM-36988;MRI,HMDB;LINCS;PDB ligand,O=c1c(O)c(-c2ccc(O)cc2O)oc2cc(O)cc(O)c12,BP2_HMDB30796,conf04_mode2_plus,mode2,1,-7.943,-8.32,work/ensemble_docking/conf04_mode2_plus/BP2/BP2_HMDB30796_vina_out.pdbqt,work/ensemble_docking/conf04_mode2_plus/BP2/BP2_HMDB30796_vina.log,0
BP2,71881,numeric library ID,O=C(Nc1ccc2ncccc2c1)Nc1ccc2ncccc2c1,BP2_71881,conf04_mode2_plus,mode2,1,-7.856,-9.354,work/ensemble_docking/conf04_mode2_plus/BP2/BP2_71881_vina_out.pdbqt,work/ensemble_docking/conf04_mode2_plus/BP2/BP2_71881_vina.log,0
BP2,338;DB07009,DrugBank;PDB ligand,Oc1ccc2nc(-c3cccc4c(O)cccc34)oc2c1,BP2_338,conf04_mode2_plus,mode2,1,-7.843,-8.535,work/ensemble_docking/conf04_mode2_plus/BP2/BP2_338_vina_out.pdbqt,work/ensemble_docking/conf04_mode2_plus/BP2/BP2_338_vina.log,0
BP2,HMDB30821,HMDB,O=c1ccc2cc(O)c(OC3OC(CO)C(O)C(O)C3O)cc2o1,BP2_HMDB30821,conf04_mode2_plus,mode2,1,-7.718,-8.408,work/ensemble_docking/conf04_mode2_plus/BP2/BP2_HMDB30821_vina_out.pdbqt,work/ensemble_docking/conf04_mode2_plus/BP2/BP2_HMDB30821_vina.log,0
BP2,13974,numeric library ID,Nc1ccc(N=Nc2ccccc2)c2ccccc12,BP2_13974,conf04_mode2_plus,mode2,1,-7.699,-7.815,work/ensemble_docking/conf04_mode2_plus/BP2/BP2_13974_vina_out.pdbqt,work/ensemble_docking/conf04_mode2_plus/BP2/BP2_13974_vina.log,0
BP2,HMDB38956,HMDB,O=c1oc(C=CC=Cc2ccc(O)cc2)nc2ccccc12,BP2_HMDB38956,conf04_mode2_plus,mode2,1,-7.636,-7.805,work/ensemble_docking/conf04_mode2_plus/BP2/BP2_HMDB38956_vina_out.pdbqt,work/ensemble_docking/conf04_mode2_plus/BP2/BP2_HMDB38956_vina.log,0
BP2,96541,numeric library ID,N#CC1C=Cc2c(ccc3ccccc23)N1C(=O)c1ccccc1,BP2_96541,conf04_mode2_plus,mode2,1,-7.635,-8.166,work/ensemble_docking/conf04_mode2_plus/BP2/BP2_96541_vina_out.pdbqt,work/ensemble_docking/conf04_mode2_plus/BP2/BP2_96541_vina.log,0
BP2,85Z,PDB ligand,Cc1cc(F)ccc1-c1c(Cc2ccc(/C=C/C(=O)O)cc2)c2ccc(O)cc2oc1=O,BP2_85Z,conf04_mode2_plus,mode2,1,-7.594,-9.874,work/ensemble_docking/conf04_mode2_plus/BP2/BP2_85Z_vina_out.pdbqt,work/ensemble_docking/conf04_mode2_plus/BP2/BP2_85Z_vina.log,0
BP2,CHEMBL2262363,ChEMBL23,O=c1oc2ccccc2c(O)c1-c1cccc(-c2c(O)c3ccccc3oc2=O)c1,BP2_CHEMBL2262363,conf04_mode2_plus,mode2,1,-7.581,-8.858,work/ensemble_docking/conf04_mode2_plus/BP2/BP2_CHEMBL2262363_vina_out.pdbqt,work/ensemble_docking/conf04_mode2_plus/BP2/BP2_CHEMBL2262363_vina.log,0
BP2,DB07236,DrugBank,Oc1ccc2cc(-c3noc4cc(O)ccc34)ccc2c1,BP2_DB07236,conf04_mode2_plus,mode2,1,-7.533,-8.285,work/ensemble_docking/conf04_mode2_plus/BP2/BP2_DB07236_vina_out.pdbqt,work/ensemble_docking/conf04_mode2_plus/BP2/BP2_DB07236_vina.log,0
BP2,LSM-27001,LINCS,O=c1oc2cc(OCc3ccc([N+](=O)[O-])cc3)ccc2c2c1CCCC2,BP2_LSM-27001,conf04_mode2_plus,mode2,1,-7.532,-8.893,work/ensemble_docking/conf04_mode2_plus/BP2/BP2_LSM-27001_vina_out.pdbqt,work/ensemble_docking/conf04_mode2_plus/BP2/BP2_LSM-27001_vina.log,0
BP2,317,PDB ligand,CCc1oc2ccccc2c1C(=O)c1ccc(O)cc1,BP2_317,conf04_mode2_plus,mode2,1,-7.497,-7.681,work/ensemble_docking/conf04_mode2_plus/BP2/BP2_317_vina_out.pdbqt,work/ensemble_docking/conf04_mode2_plus/BP2/BP2_317_vina.log,0
BP2,HMDB29534,HMDB,CC(=O)c1c(O)ccc2c(=O)c(-c3ccccc3)c(C)oc12,BP2_HMDB29534,conf04_mode2_plus,mode2,1,-7.487,-7.334,work/ensemble_docking/conf04_mode2_plus/BP2/BP2_HMDB29534_vina_out.pdbqt,work/ensemble_docking/conf04_mode2_plus/BP2/BP2_HMDB29534_vina.log,0
BP2,DB08820,DrugBank,CC(C)(C)c1cc(C(C)(C)C)c(NC(=O)c2c[nH]c3ccccc3c2=O)cc1O,BP2_DB08820,conf04_mode2_plus,mode2,1,-7.456,-8.94,work/ensemble_docking/conf04_mode2_plus/BP2/BP2_DB08820_vina_out.pdbqt,work/ensemble_docking/conf04_mode2_plus/BP2/BP2_DB08820_vina.log,0
BP2,DB04750,DrugBank,O=C(O)c1ccc(-c2c3cc(F)c(=O)cc-3oc3cc(O)c(F)cc23)c(C(=O)O)c1,BP2_DB04750,conf04_mode2_plus,mode2,1,-7.429,-8.242,work/ensemble_docking/conf04_mode2_plus/BP2/BP2_DB04750_vina_out.pdbqt,work/ensemble_docking/conf04_mode2_plus/BP2/BP2_DB04750_vina.log,0
BP2,1842204;MolPort-002-113-300;ZINC000000296657,MolPort;ZINC15;numeric library ID,O=C(Oc1cc(=O)oc2ccccc12)c1ccccc1,BP2_1842204,conf04_mode2_plus,mode2,1,-7.367,-7.982,work/ensemble_docking/conf04_mode2_plus/BP2/BP2_1842204_vina_out.pdbqt,work/ensemble_docking/conf04_mode2_plus/BP2/BP2_1842204_vina.log,0
BP2,DB01852;LSM-5304,DrugBank;LINCS,O=c1c(O)c(-c2ccc(O)cc2)oc2cc(O)cc(O)c12,BP2_DB01852,conf04_mode2_plus,mode2,1,-7.312,-7.972,work/ensemble_docking/conf04_mode2_plus/BP2/BP2_DB01852_vina_out.pdbqt,work/ensemble_docking/conf04_mode2_plus/BP2/BP2_DB01852_vina.log,0
BP2,HMDB29219,HMDB,O=c1oc2c(O)c(O)ccc2c2cc(O)c(O)cc12,BP2_HMDB29219,conf04_mode2_plus,mode2,1,-7.247,-7.641,work/ensemble_docking/conf04_mode2_plus/BP2/BP2_HMDB29219_vina_out.pdbqt,work/ensemble_docking/conf04_mode2_plus/BP2/BP2_HMDB29219_vina.log,0
BP2,SCHEMBL11830680,SureChEMBL,O=c1cc(O)c2cc(Cc3ccccc3)ccc2o1,BP2_SCHEMBL11830680,conf04_mode2_plus,mode2,1,-7.191,-7.971,work/ensemble_docking/conf04_mode2_plus/BP2/BP2_SCHEMBL11830680_vina_out.pdbqt,work/ensemble_docking/conf04_mode2_plus/BP2/BP2_SCHEMBL11830680_vina.log,0
BP2,17055,numeric library ID,CC(=O)Oc1ccc2cc(-c3ccccc3)c(=O)oc2c1,BP2_17055,conf04_mode2_plus,mode2,1,-7.183,-7.765,work/ensemble_docking/conf04_mode2_plus/BP2/BP2_17055_vina_out.pdbqt,work/ensemble_docking/conf04_mode2_plus/BP2/BP2_17055_vina.log,0
BP2,CHEMBL374372,ChEMBL23,O=c1cc(/C=C/c2ccc(O)c(O)c2)oc2ccccc12,BP2_CHEMBL374372,conf04_mode2_plus,mode2,1,-7.174,-8.538,work/ensemble_docking/conf04_mode2_plus/BP2/BP2_CHEMBL374372_vina_out.pdbqt,work/ensemble_docking/conf04_mode2_plus/BP2/BP2_CHEMBL374372_vina.log,0
BP2,LSM-36455,LINCS,O=c1oc2c(O)c(O)cc3c(=O)oc4c(O)c(O)cc1c4c23,BP2_LSM-36455,conf04_mode2_plus,mode2,1,-7.102,-8.493,work/ensemble_docking/conf04_mode2_plus/BP2/BP2_LSM-36455_vina_out.pdbqt,work/ensemble_docking/conf04_mode2_plus/BP2/BP2_LSM-36455_vina.log,0
BP2,2357873;MolPort-002-153-633;ZINC000002897678,MolPort;ZINC15;numeric library ID,O=c1cc(O)c2c(=O)oc3ccccc3c2o1,BP2_2357873,conf04_mode2_plus,mode2,1,-7.02,-7.378,work/ensemble_docking/conf04_mode2_plus/BP2/BP2_2357873_vina_out.pdbqt,work/ensemble_docking/conf04_mode2_plus/BP2/BP2_2357873_vina.log,0
BP2,2035856,numeric library ID,O=c1cc(Oc2cc(=O)oc3ccccc23)c2ccccc2o1,BP2_2035856,conf04_mode2_plus,mode2,1,-7.005,-8.05,work/ensemble_docking/conf04_mode2_plus/BP2/BP2_2035856_vina_out.pdbqt,work/ensemble_docking/conf04_mode2_plus/BP2/BP2_2035856_vina.log,0
BP2,CHEMBL3094027,ChEMBL23,O=c1cc(O)c2ccc(OCc3cccc(F)c3)cc2o1,BP2_CHEMBL3094027,conf04_mode2_plus,mode2,1,-6.968,-8.125,work/ensemble_docking/conf04_mode2_plus/BP2/BP2_CHEMBL3094027_vina_out.pdbqt,work/ensemble_docking/conf04_mode2_plus/BP2/BP2_CHEMBL3094027_vina.log,0
BP2,2608,numeric library ID,O=c1cc2oc3cc(O)c(O)cc3c(-c3ccccc3)c-2cc1O,BP2_2608,conf04_mode2_plus,mode2,1,-6.961,-8.583,work/ensemble_docking/conf04_mode2_plus/BP2/BP2_2608_vina_out.pdbqt,work/ensemble_docking/conf04_mode2_plus/BP2/BP2_2608_vina.log,0
BP2,HMDB29518,HMDB,CC(=O)c1ccc2oc(=O)cc(C)c2c1O,BP2_HMDB29518,conf04_mode2_plus,mode2,1,-6.957,-7.183,work/ensemble_docking/conf04_mode2_plus/BP2/BP2_HMDB29518_vina_out.pdbqt,work/ensemble_docking/conf04_mode2_plus/BP2/BP2_HMDB29518_vina.log,0
BP2,1477,numeric library ID,CC(C)Oc1ccc2c(=O)c(-c3ccccc3)coc2c1,BP2_1477,conf04_mode2_plus,mode2,1,-6.953,-7.929,work/ensemble_docking/conf04_mode2_plus/BP2/BP2_1477_vina_out.pdbqt,work/ensemble_docking/conf04_mode2_plus/BP2/BP2_1477_vina.log,0
BP2,LSM-17202,LINCS,O=c1cc(CN2CCOCC2)c2cc(Cl)c(O)cc2o1,BP2_LSM-17202,conf04_mode2_plus,mode2,1,-6.917,-7.017,work/ensemble_docking/conf04_mode2_plus/BP2/BP2_LSM-17202_vina_out.pdbqt,work/ensemble_docking/conf04_mode2_plus/BP2/BP2_LSM-17202_vina.log,0
BP2,DB08100,DrugBank,Cc1cc(/C=C/c2ccccc2)cc(C)c1O,BP2_DB08100,conf04_mode2_plus,mode2,1,-6.88,-7.91,work/ensemble_docking/conf04_mode2_plus/BP2/BP2_DB08100_vina_out.pdbqt,work/ensemble_docking/conf04_mode2_plus/BP2/BP2_DB08100_vina.log,0
BP2,380712;50005460;MolPort-035-673-217;SCHEMBL2761855;ZINC000006576436,MolPort;SureChEMBL;ZINC15;numeric library ID,O=c1cc(O)c2ccc3ccccc3c2o1,BP2_380712,conf04_mode2_plus,mode2,1,-6.86,-7.289,work/ensemble_docking/conf04_mode2_plus/BP2/BP2_380712_vina_out.pdbqt,work/ensemble_docking/conf04_mode2_plus/BP2/BP2_380712_vina.log,0
BP2,32838,numeric library ID,O=C1NC(=O)C2(CCc3ccccc32)N1,BP2_32838,conf04_mode2_plus,mode2,1,-6.786,-6.972,work/ensemble_docking/conf04_mode2_plus/BP2/BP2_32838_vina_out.pdbqt,work/ensemble_docking/conf04_mode2_plus/BP2/BP2_32838_vina.log,0
BP2,XZZ,PDB ligand,Cc1cc(=O)oc2cc(O)c(Cl)cc12,BP2_XZZ,conf04_mode2_plus,mode2,1,-6.748,-6.459,work/ensemble_docking/conf04_mode2_plus/BP2/BP2_XZZ_vina_out.pdbqt,work/ensemble_docking/conf04_mode2_plus/BP2/BP2_XZZ_vina.log,0
BP2,CHEMBL227815,ChEMBL23,O=C1C(O)=Cc2cccc3cccc1c23,BP2_CHEMBL227815,conf04_mode2_plus,mode2,1,-6.711,-7.049,work/ensemble_docking/conf04_mode2_plus/BP2/BP2_CHEMBL227815_vina_out.pdbqt,work/ensemble_docking/conf04_mode2_plus/BP2/BP2_CHEMBL227815_vina.log,0
BP2,SCHEMBL8945680,SureChEMBL,O=c1cc(O)c2cc(-c3ccccc3)ccc2o1,BP2_SCHEMBL8945680,conf04_mode2_plus,mode2,1,-6.711,-7.578,work/ensemble_docking/conf04_mode2_plus/BP2/BP2_SCHEMBL8945680_vina_out.pdbqt,work/ensemble_docking/conf04_mode2_plus/BP2/BP2_SCHEMBL8945680_vina.log,0
BP2,764465,numeric library ID,Cc1cc(=O)oc2cc(O)c(N)cc12,BP2_764465,conf04_mode2_plus,mode2,1,-6.684,-6.651,work/ensemble_docking/conf04_mode2_plus/BP2/BP2_764465_vina_out.pdbqt,work/ensemble_docking/conf04_mode2_plus/BP2/BP2_764465_vina.log,0
BP2,DB09096,DrugBank,O=C(OOC(=O)c1ccccc1)c1ccccc1,BP2_DB09096,conf04_mode2_plus,mode2,1,-6.587,-7.361,work/ensemble_docking/conf04_mode2_plus/BP2/BP2_DB09096_vina_out.pdbqt,work/ensemble_docking/conf04_mode2_plus/BP2/BP2_DB09096_vina.log,0
BP2,DB00794,DrugBank,CCC1(c2ccccc2)C(=O)NCNC1=O,BP2_DB00794,conf04_mode2_plus,mode2,1,-6.541,-6.785,work/ensemble_docking/conf04_mode2_plus/BP2/BP2_DB00794_vina_out.pdbqt,work/ensemble_docking/conf04_mode2_plus/BP2/BP2_DB00794_vina.log,0
BP2,3WL,PDB ligand,O=c1cc(-c2ccccc2)oc2cc(O)c(O)c(O)c12,BP2_3WL,conf04_mode2_plus,mode2,1,-6.505,-7.82,work/ensemble_docking/conf04_mode2_plus/BP2/BP2_3WL_vina_out.pdbqt,work/ensemble_docking/conf04_mode2_plus/BP2/BP2_3WL_vina.log,0
BP2,529222;CHEMBL12208;MolPort-000-467-367;ZINC000000058121,ChEMBL23;MolPort;ZINC15;numeric library ID,Cc1cc(=O)oc2cc(O)ccc12,BP2_529222,conf04_mode2_plus,mode2,1,-6.453,-6.377,work/ensemble_docking/conf04_mode2_plus/BP2/BP2_529222_vina_out.pdbqt,work/ensemble_docking/conf04_mode2_plus/BP2/BP2_529222_vina.log,0
BP2,SCHEMBL11848480,SureChEMBL,O=c1cc(O)c2ccc(O)cc2o1,BP2_SCHEMBL11848480,conf04_mode2_plus,mode2,1,-6.134,-6.53,work/ensemble_docking/conf04_mode2_plus/BP2/BP2_SCHEMBL11848480_vina_out.pdbqt,work/ensemble_docking/conf04_mode2_plus/BP2/BP2_SCHEMBL11848480_vina.log,0
BP2,SCHEMBL1366927,SureChEMBL,O=c1ccc2cccc(O)c2o1,BP2_SCHEMBL1366927,conf04_mode2_plus,mode2,1,-5.969,-6.422,work/ensemble_docking/conf04_mode2_plus/BP2/BP2_SCHEMBL1366927_vina_out.pdbqt,work/ensemble_docking/conf04_mode2_plus/BP2/BP2_SCHEMBL1366927_vina.log,0
